Year,Month,State,cdd,hdd,pcp,tavg,tmax,tmin
2021,2,Alabama,3.0,547.0,4.22,46.7,57.7,35.8
2021,2,Alaska,,,1.93,1.0,8.6,-6.6
2021,2,Arizona,10.0,320.0,0.23,46.5,60.6,32.4
2021,2,Arkansas,0.0,869.0,3.4,34.8,43.7,26.0
2021,2,California,0.0,406.0,1.39,47.4,58.7,36.0
2021,2,Colorado,0.0,1153.0,1.11,24.8,36.5,13.0
2021,2,Connecticut,0.0,999.0,3.04,28.5,35.9,21.2
2021,2,Delaware,0.0,850.0,5.65,35.6,42.7,28.5
2021,2,Florida,152.0,93.0,4.12,63.7,74.4,53.0
2021,2,Georgia,3.0,521.0,5.64,49.5,60.2,38.8
2021,2,Hawaii,,,5.39,63.3,70.5,56.0
2021,2,Idaho,0.0,1005.0,3.06,25.4,33.6,17.1
2021,2,Illinois,0.0,1318.0,1.67,20.8,28.7,12.8
2021,2,Indiana,0.0,1169.0,2.21,23.7,31.6,15.8
2021,2,Iowa,0.0,1471.0,0.79,12.5,20.5,4.5
2021,2,Kansas,0.0,1150.0,0.22,24.1,34.8,13.3
2021,2,Kentucky,0.0,923.0,4.51,32.3,40.4,24.2
2021,2,Louisiana,7.0,445.0,4.23,47.8,57.2,38.4
2021,2,Maine,0.0,1195.0,2.9,18.5,28.0,9.0
2021,2,Maryland,0.0,860.0,4.34,34.2,41.2,27.3
2021,2,Massachusetts,0.0,1015.0,3.21,27.6,35.3,20.0
2021,2,Michigan,0.0,1246.0,1.28,17.4,26.7,8.1
2021,2,Minnesota,0.0,1600.0,0.31,6.5,15.7,-2.7
2021,2,Mississippi,2.0,568.0,5.11,44.2,54.5,33.8
2021,2,Missouri,0.0,1169.0,1.15,24.4,33.0,15.7
2021,2,Montana,0.0,1368.0,1.39,13.7,23.7,3.8
2021,2,Nebraska,0.0,1398.0,0.62,16.5,26.6,6.5
2021,2,Nevada,0.0,535.0,0.83,35.6,46.6,24.5
2021,2,New Hampshire,0.0,1204.0,2.69,20.6,29.7,11.4
2021,2,New Jersey,0.0,941.0,4.73,32.0,39.1,25.0
2021,2,New Mexico,0.0,733.0,0.39,37.3,52.0,22.6
2021,2,New York,0.0,1049.0,2.34,21.7,30.3,13.1
2021,2,North Carolina,0.0,642.0,6.54,42.2,51.1,33.2
2021,2,North Dakota,0.0,1664.0,0.18,5.8,16.0,-4.5
2021,2,Ohio,0.0,1120.0,2.03,25.2,32.7,17.8
2021,2,Oklahoma,0.0,948.0,0.8,31.3,42.0,20.6
2021,2,Oregon,0.0,734.0,4.47,33.6,41.4,25.8
2021,2,Pennsylvania,0.0,1018.0,3.02,26.6,34.2,18.9
2021,2,Rhode Island,0.0,955.0,3.64,30.9,38.0,23.8
2021,2,South Carolina,2.0,509.0,6.27,47.2,57.1,37.3
2021,2,South Dakota,0.0,1462.0,0.37,12.8,23.4,2.3
2021,2,Tennessee,0.0,767.0,5.05,37.4,46.4,28.5
2021,2,Texas,5.0,522.0,0.99,44.0,56.0,32.0
2021,2,Utah,0.0,977.0,0.92,32.2,42.8,21.6
2021,2,Vermont,0.0,1280.0,2.21,18.8,28.0,9.7
2021,2,Virginia,0.0,794.0,4.9,36.6,44.6,28.6
2021,2,Washington,0.0,799.0,5.73,31.4,37.5,25.2
2021,2,West Virginia,0.0,931.0,3.85,31.6,39.4,23.7
2021,2,Wisconsin,0.0,1453.0,0.88,10.7,21.0,0.5
2021,2,Wyoming,0.0,1323.0,1.28,17.4,28.0,6.7
2021,3,Alabama,48.0,240.0,8.05,59.6,71.5,47.7
2021,3,Alaska,,,2.8,9.1,18.4,-0.2
2021,3,Arizona,22.0,280.0,0.73,49.4,63.6,35.3
2021,3,Arkansas,25.0,351.0,6.15,55.2,67.2,43.2
2021,3,California,0.0,472.0,1.73,48.2,60.3,36.0
2021,3,Colorado,0.0,914.0,2.07,35.8,48.8,22.8
2021,3,Connecticut,0.0,780.0,2.65,39.3,50.5,28.1
2021,3,Delaware,0.0,554.0,4.47,47.6,58.4,36.9
2021,3,Florida,188.0,44.0,1.74,67.8,78.6,56.9
2021,3,Georgia,38.0,263.0,4.83,59.9,72.2,47.6
2021,3,Hawaii,,,15.02,63.5,70.0,56.9
2021,3,Idaho,0.0,812.0,1.18,34.8,46.9,22.8
2021,3,Illinois,3.0,667.0,3.97,46.2,56.8,35.6
2021,3,Indiana,6.0,613.0,3.82,45.8,57.8,33.9
2021,3,Iowa,5.0,712.0,2.78,42.3,52.5,32.1
2021,3,Kansas,15.0,499.0,4.04,48.1,60.6,35.5
2021,3,Kentucky,15.0,476.0,6.78,50.4,63.0,37.9
2021,3,Louisiana,84.0,142.0,5.33,62.2,72.8,51.5
2021,3,Maine,0.0,1011.0,1.98,29.4,40.7,18.1
2021,3,Maryland,0.0,546.0,3.42,47.2,58.6,35.9
2021,3,Massachusetts,0.0,800.0,2.19,38.3,50.0,26.7
2021,3,Michigan,0.0,755.0,1.6,36.8,48.3,25.4
2021,3,Minnesota,0.0,885.0,1.44,35.6,46.6,24.6
2021,3,Mississippi,60.0,208.0,7.7,60.0,71.8,48.2
2021,3,Missouri,16.0,501.0,5.24,49.9,61.1,38.6
2021,3,Montana,0.0,928.0,0.58,36.1,49.0,23.2
2021,3,Nebraska,10.0,639.0,4.11,42.6,54.9,30.3
2021,3,Nevada,6.0,507.0,0.89,39.2,52.0,26.4
2021,3,New Hampshire,0.0,961.0,1.8,32.4,44.8,20.0
2021,3,New Jersey,0.0,669.0,3.84,44.0,55.0,33.0
2021,3,New Mexico,0.0,593.0,0.54,44.8,60.4,29.3
2021,3,New York,0.0,792.0,1.74,35.0,46.8,23.1
2021,3,North Carolina,15.0,379.0,4.13,53.1,64.8,41.3
2021,3,North Dakota,0.0,908.0,0.12,35.9,49.6,22.1
2021,3,Ohio,2.0,636.0,2.98,44.8,57.5,32.0
2021,3,Oklahoma,25.0,352.0,3.19,53.9,66.4,41.4
2021,3,Oregon,0.0,699.0,1.84,39.0,50.2,27.7
2021,3,Pennsylvania,0.0,699.0,2.81,40.7,53.1,28.2
2021,3,Rhode Island,0.0,769.0,2.8,40.2,51.1,29.2
2021,3,South Carolina,34.0,270.0,3.26,57.6,69.4,45.9
2021,3,South Dakota,3.0,799.0,1.21,39.4,52.4,26.5
2021,3,Tennessee,24.0,376.0,10.15,53.6,65.2,42.0
2021,3,Texas,79.0,173.0,1.31,59.4,72.8,46.2
2021,3,Utah,0.0,870.0,1.19,38.4,50.6,26.2
2021,3,Vermont,0.0,1042.0,1.53,30.9,43.4,18.5
2021,3,Virginia,4.0,509.0,3.47,48.5,61.0,36.0
2021,3,Washington,0.0,704.0,2.44,39.7,50.0,29.5
2021,3,West Virginia,5.0,584.0,4.07,45.8,59.8,31.8
2021,3,Wisconsin,0.0,825.0,1.87,36.9,47.9,26.0
2021,3,Wyoming,0.0,998.0,1.3,32.2,44.7,19.6
2021,4,Alabama,30.0,153.0,5.55,61.6,74.6,48.7
2021,4,Alaska,,,1.94,23.9,33.8,14.0
2021,4,Arizona,165.0,66.0,0.19,61.2,76.8,45.5
2021,4,Arkansas,13.0,231.0,5.54,58.4,70.0,46.8
2021,4,California,20.0,230.0,0.29,58.2,72.5,44.0
2021,4,Colorado,0.0,689.0,1.01,43.1,57.7,28.5
2021,4,Connecticut,0.0,477.0,3.03,48.7,60.0,37.4
2021,4,Delaware,0.0,306.0,2.29,55.3,67.1,43.5
2021,4,Florida,219.0,12.0,4.55,69.9,81.2,58.5
2021,4,Georgia,22.0,170.0,3.63,62.1,75.6,48.5
2021,4,Hawaii,,,4.07,63.9,71.3,56.5
2021,4,Idaho,0.0,565.0,0.86,42.0,55.3,28.6
2021,4,Illinois,1.0,414.0,3.04,52.5,63.7,41.4
2021,4,Indiana,0.0,404.0,2.94,51.9,63.7,40.1
2021,4,Iowa,0.0,460.0,1.51,49.3,60.8,37.9
2021,4,Kansas,7.0,351.0,1.51,52.5,65.8,39.2
2021,4,Kentucky,4.0,323.0,3.08,54.6,67.0,42.1
2021,4,Louisiana,80.0,65.0,8.57,64.7,75.1,54.4
2021,4,Maine,0.0,592.0,3.24,43.2,54.3,32.0
2021,4,Maryland,3.0,297.0,2.75,55.0,66.5,43.4
2021,4,Massachusetts,0.0,506.0,4.34,47.8,58.7,36.8
2021,4,Michigan,0.0,503.0,2.08,45.1,55.8,34.4
2021,4,Minnesota,0.0,652.0,2.49,42.3,53.1,31.4
2021,4,Mississippi,40.0,130.0,6.96,61.8,74.2,49.4
2021,4,Missouri,7.0,339.0,4.36,54.2,65.6,42.9
2021,4,Montana,0.0,766.0,1.0,40.5,53.4,27.5
2021,4,Nebraska,0.0,460.0,1.39,46.9,60.8,33.1
2021,4,Nevada,88.0,202.0,0.43,49.3,64.5,34.1
2021,4,New Hampshire,0.0,597.0,3.94,44.0,55.6,32.4
2021,4,New Jersey,0.0,384.0,2.35,52.6,64.3,40.8
2021,4,New Mexico,9.0,316.0,0.37,53.2,69.2,37.3
2021,4,New York,0.0,480.0,3.46,45.7,56.9,34.6
2021,4,North Carolina,13.0,195.0,1.95,58.6,71.8,45.2
2021,4,North Dakota,0.0,729.0,0.66,40.7,54.4,26.9
2021,4,Ohio,0.0,413.0,2.88,51.4,63.1,39.7
2021,4,Oklahoma,17.0,228.0,3.44,57.4,69.8,45.0
2021,4,Oregon,0.0,446.0,0.66,46.6,60.5,32.6
2021,4,Pennsylvania,0.0,420.0,2.79,49.3,61.0,37.7
2021,4,Rhode Island,0.0,486.0,3.49,48.8,59.0,38.5
2021,4,South Carolina,28.0,126.0,1.67,62.0,75.7,48.2
2021,4,South Dakota,0.0,630.0,1.48,43.6,57.1,30.1
2021,4,Tennessee,7.0,271.0,2.82,56.2,69.1,43.4
2021,4,Texas,101.0,78.0,2.14,63.7,76.1,51.3
2021,4,Utah,2.0,611.0,0.73,47.4,61.6,33.2
2021,4,Vermont,0.0,644.0,3.89,43.2,54.4,32.0
2021,4,Virginia,4.0,281.0,2.73,55.3,68.2,42.3
2021,4,Washington,0.0,472.0,0.99,46.8,59.3,34.2
2021,4,West Virginia,0.0,393.0,3.22,51.3,64.0,38.5
2021,4,Wisconsin,0.0,550.0,2.36,45.0,55.9,34.0
2021,4,Wyoming,0.0,793.0,1.21,38.0,51.4,24.5
2021,5,Alabama,150.0,37.0,4.69,69.4,81.0,57.7
2021,5,Alaska,,,2.15,40.3,49.1,31.4
2021,5,Arizona,313.0,15.0,0.04,67.9,84.6,51.2
2021,5,Arkansas,99.0,65.0,6.73,66.8,77.0,56.6
2021,5,California,53.0,125.0,0.11,64.5,78.9,50.2
2021,5,Colorado,1.0,392.0,2.99,52.9,66.2,39.5
2021,5,Connecticut,10.0,222.0,5.51,57.8,69.3,46.3
2021,5,Delaware,42.0,117.0,3.04,63.3,75.2,51.4
2021,5,Florida,389.0,0.0,1.53,76.1,87.4,64.9
2021,5,Georgia,123.0,50.0,2.8,69.4,82.2,56.7
2021,5,Hawaii,,,2.79,66.7,73.9,59.5
2021,5,Idaho,9.0,342.0,1.38,49.8,63.0,36.6
2021,5,Illinois,49.0,213.0,4.31,61.1,71.5,50.7
2021,5,Indiana,41.0,218.0,3.72,59.6,71.2,48.1
2021,5,Iowa,42.0,228.0,3.85,59.0,69.3,48.6
2021,5,Kansas,60.0,146.0,5.56,61.9,72.6,51.1
2021,5,Kentucky,61.0,144.0,3.57,62.4,74.4,50.4
2021,5,Louisiana,251.0,2.0,11.38,72.3,80.8,63.8
2021,5,Maine,0.0,337.0,2.74,52.4,64.9,39.8
2021,5,Maryland,47.0,123.0,3.4,62.2,74.1,50.4
2021,5,Massachusetts,9.0,226.0,5.14,57.6,68.9,46.3
2021,5,Michigan,24.0,284.0,2.03,54.0,66.4,41.6
2021,5,Minnesota,21.0,312.0,1.76,55.1,67.8,42.4
2021,5,Mississippi,177.0,20.0,4.93,69.9,80.5,59.2
2021,5,Missouri,60.0,154.0,4.99,62.3,72.1,52.4
2021,5,Montana,0.0,549.0,2.48,48.6,61.3,35.9
2021,5,Nebraska,51.0,207.0,3.56,57.9,69.8,46.0
2021,5,Nevada,207.0,90.0,0.67,57.2,71.8,42.5
2021,5,New Hampshire,6.0,292.0,2.99,54.5,67.0,42.1
2021,5,New Jersey,24.0,165.0,3.84,60.8,72.8,48.9
2021,5,New Mexico,77.0,109.0,1.09,62.7,78.9,46.4
2021,5,New York,11.0,238.0,3.04,54.7,66.4,43.0
2021,5,North Carolina,95.0,69.0,2.47,65.5,77.9,53.0
2021,5,North Dakota,13.0,383.0,2.07,52.8,66.9,38.6
2021,5,Ohio,33.0,228.0,3.79,58.8,70.6,47.0
2021,5,Oklahoma,94.0,69.0,5.6,65.9,75.8,55.9
2021,5,Oregon,0.0,324.0,1.07,52.0,65.2,38.9
2021,5,Pennsylvania,22.0,217.0,4.28,57.0,69.1,44.8
2021,5,Rhode Island,8.0,222.0,5.12,58.0,68.9,47.2
2021,5,South Carolina,149.0,30.0,2.55,69.1,81.7,56.4
2021,5,South Dakota,24.0,318.0,2.25,55.0,67.9,42.1
2021,5,Tennessee,79.0,103.0,4.27,64.1,75.6,52.6
2021,5,Texas,257.0,9.0,6.19,71.9,82.4,61.3
2021,5,Utah,18.0,339.0,0.34,57.1,71.8,42.4
2021,5,Vermont,3.0,357.0,2.51,53.3,65.6,41.1
2021,5,Virginia,51.0,120.0,2.2,62.3,75.0,49.7
2021,5,Washington,2.0,342.0,1.23,52.6,64.7,40.6
2021,5,West Virginia,28.0,207.0,3.12,58.7,71.5,45.9
2021,5,Wisconsin,22.0,297.0,2.99,54.9,66.4,43.3
2021,5,Wyoming,0.0,487.0,1.73,48.8,62.2,35.3
2021,6,Alabama,342.0,0.0,8.73,77.0,86.8,67.2
2021,6,Alaska,,,2.69,50.9,59.3,42.5
2021,6,Arizona,659.0,0.0,0.22,80.6,96.9,64.3
2021,6,Arkansas,345.0,1.0,4.87,76.9,86.6,67.2
2021,6,California,202.0,12.0,0.14,74.9,89.8,60.0
2021,6,Colorado,96.0,69.0,1.19,65.7,81.2,50.3
2021,6,Connecticut,145.0,9.0,1.99,69.2,80.4,58.1
2021,6,Delaware,249.0,0.0,3.21,73.8,83.8,63.8
2021,6,Florida,487.0,0.0,8.48,80.7,89.6,71.9
2021,6,Georgia,307.0,0.0,6.24,77.0,87.1,66.9
2021,6,Hawaii,,,1.63,68.1,75.8,60.4
2021,6,Idaho,176.0,44.0,0.56,65.1,80.9,49.2
2021,6,Illinois,252.0,10.0,5.17,74.1,84.7,63.6
2021,6,Indiana,234.0,10.0,5.93,72.7,83.0,62.3
2021,6,Iowa,267.0,11.0,3.35,73.5,85.7,61.3
2021,6,Kansas,348.0,2.0,2.8,75.8,88.4,63.3
2021,6,Kentucky,258.0,4.0,5.02,73.4,83.9,62.8
2021,6,Louisiana,464.0,0.0,6.75,80.4,88.7,72.0
2021,6,Maine,76.0,34.0,2.22,64.9,77.0,52.8
2021,6,Maryland,256.0,1.0,3.79,73.1,83.2,62.9
2021,6,Massachusetts,150.0,10.0,2.49,69.2,80.2,58.2
2021,6,Michigan,182.0,21.0,4.93,67.8,79.3,56.2
2021,6,Minnesota,195.0,26.0,1.81,69.9,83.4,56.5
2021,6,Mississippi,394.0,0.0,9.59,78.1,87.6,68.5
2021,6,Missouri,300.0,4.0,5.57,74.9,85.4,64.3
2021,6,Montana,69.0,124.0,0.83,65.3,81.2,49.4
2021,6,Nebraska,293.0,13.0,2.22,72.8,86.9,58.7
2021,6,Nevada,542.0,5.0,0.17,72.6,88.8,56.3
2021,6,New Hampshire,91.0,28.0,2.22,66.1,78.4,53.8
2021,6,New Jersey,195.0,4.0,3.37,71.8,82.6,61.0
2021,6,New Mexico,284.0,9.0,1.72,73.1,88.7,57.4
2021,6,New York,151.0,10.0,3.36,67.1,78.4,55.8
2021,6,North Carolina,280.0,2.0,6.25,73.8,83.7,64.0
2021,6,North Dakota,178.0,43.0,2.49,69.3,84.2,54.4
2021,6,Ohio,206.0,11.0,4.25,71.5,81.8,61.2
2021,6,Oklahoma,367.0,0.0,5.04,77.4,88.4,66.3
2021,6,Oregon,73.0,59.0,0.97,65.2,80.2,50.2
2021,6,Pennsylvania,166.0,13.0,3.54,68.6,80.1,57.1
2021,6,Rhode Island,146.0,8.0,2.31,69.6,79.7,59.4
2021,6,South Carolina,349.0,0.0,6.09,76.8,86.4,67.1
2021,6,South Dakota,243.0,30.0,1.19,72.3,87.4,57.1
2021,6,Tennessee,275.0,0.0,4.52,74.0,84.3,63.7
2021,6,Texas,479.0,0.0,4.05,80.3,91.2,69.4
2021,6,Utah,196.0,49.0,0.25,71.9,87.6,56.3
2021,6,Vermont,68.0,45.0,2.97,65.4,77.3,53.5
2021,6,Virginia,236.0,2.0,4.09,72.0,82.7,61.2
2021,6,Washington,62.0,78.0,1.41,64.6,77.8,51.4
2021,6,West Virginia,164.0,17.0,4.94,69.2,80.6,57.7
2021,6,Wisconsin,187.0,25.0,3.9,69.4,81.5,57.2
2021,6,Wyoming,107.0,91.0,0.82,64.9,81.3,48.5
2021,7,Alabama,431.0,0.0,7.49,79.3,88.5,70.1
2021,7,Alaska,,,3.49,53.9,61.3,46.5
2021,7,Arizona,666.0,0.0,3.82,81.4,94.2,68.7
2021,7,Arkansas,432.0,0.0,4.72,79.4,89.4,69.3
2021,7,California,344.0,0.0,0.29,79.8,94.2,65.4
2021,7,Colorado,168.0,7.0,2.15,70.0,84.6,55.3
2021,7,Connecticut,208.0,1.0,9.35,71.1,79.9,62.3
2021,7,Delaware,380.0,0.0,5.24,77.7,87.2,68.1
2021,7,Florida,533.0,0.0,8.86,81.9,90.2,73.6
2021,7,Georgia,402.0,0.0,7.3,79.3,88.6,70.0
2021,7,Hawaii,,,4.3,69.8,76.9,62.7
2021,7,Idaho,358.0,5.0,0.58,71.8,88.0,55.6
2021,7,Illinois,269.0,5.0,4.97,74.6,83.9,65.3
2021,7,Indiana,265.0,4.0,5.44,73.7,83.2,64.2
2021,7,Iowa,270.0,10.0,4.01,73.4,83.7,63.0
2021,7,Kansas,399.0,1.0,2.8,77.7,89.8,65.6
2021,7,Kentucky,337.0,0.0,6.2,75.8,85.8,65.9
2021,7,Louisiana,526.0,0.0,6.79,81.8,90.3,73.2
2021,7,Maine,62.0,56.0,5.46,63.7,73.4,54.0
2021,7,Maryland,392.0,0.0,4.34,77.2,87.4,67.1
2021,7,Massachusetts,170.0,4.0,10.41,69.8,78.3,61.4
2021,7,Michigan,201.0,10.0,4.14,68.7,79.6,57.9
2021,7,Minnesota,208.0,16.0,1.8,71.1,83.4,58.8
2021,7,Mississippi,478.0,0.0,7.23,80.4,89.5,71.3
2021,7,Missouri,358.0,1.0,4.86,76.7,86.5,66.8
2021,7,Montana,193.0,24.0,0.65,72.5,88.7,56.3
2021,7,Nebraska,322.0,10.0,2.54,75.0,87.7,62.3
2021,7,Nevada,661.0,0.0,0.84,77.8,92.9,62.6
2021,7,New Hampshire,88.0,33.0,10.58,65.6,74.6,56.5
2021,7,New Jersey,320.0,0.0,7.62,75.7,85.6,65.9
2021,7,New Mexico,294.0,2.0,2.92,73.3,86.3,60.2
2021,7,New York,213.0,6.0,8.1,67.7,76.9,58.5
2021,7,North Carolina,390.0,0.0,5.88,77.1,86.9,67.2
2021,7,North Dakota,279.0,12.0,1.26,73.8,87.6,60.0
2021,7,Ohio,247.0,2.0,5.66,73.0,82.7,63.2
2021,7,Oklahoma,467.0,0.0,3.68,80.0,91.1,68.8
2021,7,Oregon,158.0,16.0,0.16,71.4,87.4,55.4
2021,7,Pennsylvania,258.0,3.0,6.24,71.2,81.7,60.7
2021,7,Rhode Island,196.0,0.0,7.35,71.2,79.2,63.3
2021,7,South Carolina,443.0,0.0,6.6,79.4,88.8,69.9
2021,7,South Dakota,296.0,14.0,2.47,75.3,88.7,61.9
2021,7,Tennessee,376.0,0.0,5.06,77.0,86.7,67.4
2021,7,Texas,527.0,0.0,4.0,80.9,91.2,70.6
2021,7,Utah,306.0,7.0,1.67,76.2,90.6,61.8
2021,7,Vermont,65.0,56.0,7.55,64.9,73.8,55.9
2021,7,Virginia,366.0,0.0,4.56,75.9,86.7,65.1
2021,7,Washington,119.0,45.0,0.06,69.7,83.9,55.5
2021,7,West Virginia,248.0,2.0,3.31,72.2,83.4,60.9
2021,7,Wisconsin,186.0,17.0,4.35,69.4,80.9,57.9
2021,7,Wyoming,194.0,19.0,1.1,70.1,85.8,54.3
2021,8,Alabama,450.0,0.0,7.43,80.0,89.4,70.6
2021,8,Alaska,,,5.3,49.4,56.1,42.8
2021,8,Arizona,623.0,0.0,2.18,79.5,92.8,66.2
2021,8,Arkansas,478.0,0.0,3.02,80.7,90.7,70.7
2021,8,California,296.0,0.0,0.1,77.0,91.8,62.3
2021,8,Colorado,113.0,24.0,1.4,67.4,82.6,52.1
2021,8,Connecticut,259.0,0.0,5.08,72.8,81.6,64.0
2021,8,Delaware,369.0,0.0,5.47,76.9,85.8,68.0
2021,8,Florida,560.0,0.0,8.75,82.6,90.9,74.3
2021,8,Georgia,422.0,0.0,6.75,80.0,89.2,70.8
2021,8,Hawaii,,,4.0,69.2,76.6,61.8
2021,8,Idaho,143.0,49.0,1.24,63.9,78.8,49.1
2021,8,Illinois,312.0,5.0,3.73,75.5,86.0,65.1
2021,8,Indiana,309.0,2.0,3.42,75.0,85.5,64.6
2021,8,Iowa,261.0,13.0,4.65,72.9,84.1,61.6
2021,8,Kansas,446.0,1.0,2.53,79.1,91.9,66.2
2021,8,Kentucky,359.0,0.0,5.28,76.6,86.6,66.6
2021,8,Louisiana,546.0,0.0,6.19,82.6,91.7,73.5
2021,8,Maine,149.0,17.0,2.66,68.2,78.6,57.9
2021,8,Maryland,384.0,0.0,5.84,77.1,86.5,67.8
2021,8,Massachusetts,261.0,0.0,5.17,72.7,81.5,63.8
2021,8,Michigan,267.0,6.0,3.94,71.0,81.9,60.1
2021,8,Minnesota,176.0,24.0,4.08,69.4,81.2,57.6
2021,8,Mississippi,491.0,0.0,7.53,80.8,90.4,71.2
2021,8,Missouri,381.0,1.0,2.99,77.4,88.0,66.8
2021,8,Montana,55.0,125.0,2.05,64.7,79.0,50.4
2021,8,Nebraska,329.0,8.0,2.84,74.3,88.0,60.7
2021,8,Nevada,560.0,3.0,0.24,72.4,88.4,56.5
2021,8,New Hampshire,172.0,13.0,3.6,69.2,79.0,59.3
2021,8,New Jersey,326.0,0.0,6.59,75.9,84.8,66.9
2021,8,New Mexico,252.0,5.0,2.37,72.2,85.9,58.5
2021,8,New York,268.0,3.0,5.33,70.4,80.0,60.9
2021,8,North Carolina,410.0,0.0,6.06,77.8,87.3,68.3
2021,8,North Dakota,165.0,39.0,2.72,68.9,82.7,55.1
2021,8,Ohio,297.0,0.0,4.29,74.6,84.8,64.5
2021,8,Oklahoma,515.0,0.0,2.56,81.3,92.6,70.0
2021,8,Oregon,113.0,30.0,0.21,66.4,82.0,50.9
2021,8,Pennsylvania,286.0,2.0,5.89,72.6,82.7,62.4
2021,8,Rhode Island,267.0,0.0,5.26,73.6,81.7,65.5
2021,8,South Carolina,465.0,0.0,5.47,80.1,89.1,71.2
2021,8,South Dakota,241.0,19.0,2.55,72.5,86.8,58.1
2021,8,Tennessee,381.0,0.0,7.13,77.2,87.1,67.3
2021,8,Texas,569.0,0.0,2.79,81.9,92.8,71.0
2021,8,Utah,151.0,43.0,2.14,70.9,85.6,56.2
2021,8,Vermont,147.0,20.0,3.67,68.8,78.7,59.0
2021,8,Virginia,373.0,0.0,6.05,76.4,86.5,66.2
2021,8,Washington,81.0,57.0,0.68,65.8,78.4,53.3
2021,8,West Virginia,301.0,1.0,5.56,73.9,84.4,63.5
2021,8,Wisconsin,209.0,19.0,5.46,69.2,80.4,58.0
2021,8,Wyoming,78.0,75.0,1.47,64.1,79.6,48.6
2021,9,Alabama,256.0,7.0,4.83,73.9,83.7,64.2
2021,9,Alaska,,,4.27,39.4,46.2,32.5
2021,9,Arizona,485.0,1.0,1.29,74.8,88.7,60.8
2021,9,Arkansas,285.0,8.0,1.87,74.3,86.6,62.1
2021,9,California,192.0,11.0,0.36,72.2,86.6,57.7
2021,9,Colorado,50.0,116.0,1.23,62.4,78.2,46.5
2021,9,Connecticut,74.0,48.0,8.19,65.2,74.5,55.9
2021,9,Delaware,157.0,12.0,3.85,70.1,80.1,60.0
2021,9,Florida,469.0,0.0,7.07,79.7,88.3,71.1
2021,9,Georgia,214.0,8.0,5.52,73.8,84.3,63.2
2021,9,Hawaii,,,3.48,68.8,76.2,61.2
2021,9,Idaho,42.0,182.0,0.84,57.2,72.9,41.4
2021,9,Illinois,144.0,30.0,2.29,69.6,81.7,57.5
2021,9,Indiana,134.0,39.0,4.06,68.4,79.9,56.8
2021,9,Iowa,115.0,62.0,1.81,66.6,79.6,53.7
2021,9,Kansas,275.0,17.0,2.77,73.3,87.7,58.9
2021,9,Kentucky,152.0,35.0,4.23,68.9,79.8,58.0
2021,9,Louisiana,367.0,0.0,6.91,76.9,86.4,67.4
2021,9,Maine,18.0,134.0,6.46,59.0,69.1,48.9
2021,9,Maryland,159.0,16.0,6.09,69.6,79.8,59.4
2021,9,Massachusetts,69.0,50.0,7.48,64.8,74.2,55.4
2021,9,Michigan,67.0,83.0,3.64,61.4,72.6,50.2
2021,9,Minnesota,44.0,135.0,2.91,61.6,74.0,49.2
2021,9,Mississippi,301.0,3.0,4.76,74.8,85.2,64.5
2021,9,Missouri,213.0,23.0,2.33,71.5,83.9,59.0
2021,9,Montana,23.0,279.0,0.43,58.3,74.1,42.6
2021,9,Nebraska,157.0,52.0,2.06,67.6,82.4,52.8
2021,9,Nevada,362.0,25.0,0.27,65.5,82.1,48.8
2021,9,New Hampshire,24.0,124.0,4.73,60.5,71.0,49.9
2021,9,New Jersey,123.0,26.0,6.34,68.7,78.4,59.0
2021,9,New Mexico,151.0,27.0,1.27,68.3,83.4,53.1
2021,9,New York,85.0,58.0,4.92,61.7,71.5,52.0
2021,9,North Carolina,190.0,14.0,3.21,70.6,81.5,59.7
2021,9,North Dakota,62.0,142.0,1.21,62.2,77.0,47.4
2021,9,Ohio,107.0,51.0,3.79,66.9,78.0,55.8
2021,9,Oklahoma,369.0,6.0,1.09,76.7,91.0,62.5
2021,9,Oregon,28.0,131.0,1.88,59.4,74.6,44.2
2021,9,Pennsylvania,88.0,56.0,6.98,64.3,74.7,53.9
2021,9,Rhode Island,80.0,38.0,7.47,66.4,75.1,57.8
2021,9,South Carolina,252.0,3.0,4.15,73.5,84.2,62.7
2021,9,South Dakota,100.0,106.0,2.03,65.0,79.6,50.4
2021,9,Tennessee,167.0,26.0,4.86,69.7,80.4,58.9
2021,9,Texas,423.0,0.0,1.41,78.2,91.6,64.9
2021,9,Utah,65.0,142.0,0.87,64.4,79.4,49.5
2021,9,Vermont,15.0,170.0,3.9,59.5,69.9,49.1
2021,9,Virginia,153.0,25.0,4.22,68.4,79.5,57.4
2021,9,Washington,14.0,184.0,3.12,58.0,69.8,46.3
2021,9,West Virginia,95.0,57.0,4.54,65.5,76.6,54.5
2021,9,Wisconsin,52.0,106.0,2.07,61.2,73.4,49.0
2021,9,Wyoming,34.0,212.0,0.85,58.1,74.5,41.7
2021,10,Alabama,126.0,71.0,4.6,67.3,77.8,56.9
2021,10,Alaska,,,4.79,27.9,33.2,22.7
2021,10,Arizona,135.0,67.0,0.74,59.9,74.4,45.4
2021,10,Arkansas,91.0,95.0,4.21,65.5,76.7,54.3
2021,10,California,20.0,171.0,3.66,58.2,70.3,46.2
2021,10,Colorado,0.0,512.0,1.12,47.8,62.0,33.5
2021,10,Connecticut,10.0,243.0,5.99,56.8,65.8,47.8
2021,10,Delaware,57.0,125.0,3.47,63.2,72.5,53.8
2021,10,Florida,375.0,2.0,3.9,75.3,84.8,65.9
2021,10,Georgia,96.0,81.0,4.45,67.2,78.0,56.4
2021,10,Hawaii,,,3.94,68.1,75.7,60.5
2021,10,Idaho,0.0,510.0,2.9,45.2,55.8,34.5
2021,10,Illinois,32.0,219.0,6.02,60.2,69.3,51.1
2021,10,Indiana,38.0,195.0,6.03,60.2,69.3,51.1
2021,10,Iowa,17.0,304.0,5.0,55.5,65.7,45.3
2021,10,Kansas,39.0,188.0,3.05,59.1,72.7,45.5
2021,10,Kentucky,62.0,143.0,4.38,62.4,72.5,52.3
2021,10,Louisiana,241.0,15.0,2.56,71.7,82.2,61.2
2021,10,Maine,0.0,398.0,3.78,50.2,59.1,41.3
2021,10,Maryland,62.0,122.0,3.46,62.9,72.0,53.8
2021,10,Massachusetts,8.0,254.0,6.76,56.3,65.0,47.5
2021,10,Michigan,21.0,258.0,3.89,55.2,63.5,46.9
2021,10,Minnesota,7.0,403.0,3.26,51.5,61.0,41.9
2021,10,Mississippi,156.0,49.0,3.17,68.3,79.4,57.3
2021,10,Missouri,39.0,190.0,5.97,60.5,70.8,50.2
2021,10,Montana,0.0,642.0,1.49,45.6,57.9,33.2
2021,10,Nebraska,11.0,320.0,1.96,53.2,66.6,39.7
2021,10,Nevada,45.0,226.0,2.0,49.6,62.4,36.8
2021,10,New Hampshire,0.0,372.0,4.94,52.1,60.8,43.4
2021,10,New Jersey,33.0,170.0,5.06,61.0,70.0,52.0
2021,10,New Mexico,6.0,277.0,0.57,55.6,71.6,39.6
2021,10,New York,18.0,222.0,6.6,54.8,63.1,46.5
2021,10,North Carolina,85.0,100.0,3.26,64.4,75.0,53.7
2021,10,North Dakota,0.0,503.0,3.34,48.6,59.6,37.5
2021,10,Ohio,36.0,184.0,4.64,60.3,69.4,51.2
2021,10,Oklahoma,87.0,100.0,4.2,64.4,77.5,51.2
2021,10,Oregon,0.0,458.0,3.12,47.6,58.3,36.9
2021,10,Pennsylvania,24.0,208.0,4.61,57.7,66.8,48.6
2021,10,Rhode Island,11.0,216.0,5.94,58.4,66.7,50.2
2021,10,South Carolina,114.0,65.0,2.74,66.8,77.6,56.0
2021,10,South Dakota,3.0,422.0,3.42,51.2,63.1,39.2
2021,10,Tennessee,76.0,125.0,5.3,63.4,73.4,53.3
2021,10,Texas,232.0,19.0,2.42,69.8,83.2,56.4
2021,10,Utah,1.0,566.0,2.21,47.9,59.6,36.1
2021,10,Vermont,0.0,408.0,4.83,51.6,60.1,43.0
2021,10,Virginia,63.0,126.0,3.4,62.3,72.2,52.4
2021,10,Washington,0.0,494.0,5.25,46.6,55.6,37.5
2021,10,West Virginia,37.0,189.0,3.34,59.4,69.4,49.4
2021,10,Wisconsin,14.0,315.0,2.02,53.5,63.0,44.0
2021,10,Wyoming,0.0,628.0,2.09,43.9,55.8,32.0
2021,11,Alabama,4.0,414.0,1.19,52.2,65.5,38.8
2021,11,Alaska,,,2.34,4.6,10.5,-1.4
2021,11,Arizona,74.0,133.0,0.05,55.8,70.9,40.6
2021,11,Arkansas,0.0,480.0,2.12,49.4,61.7,37.0
2021,11,California,19.0,226.0,0.95,54.8,66.1,43.4
2021,11,Colorado,0.0,717.0,0.37,40.7,54.9,26.6
2021,11,Connecticut,0.0,702.0,1.99,41.0,51.4,30.6
2021,11,Delaware,0.0,613.0,0.88,45.1,55.8,34.3
2021,11,Florida,122.0,86.0,2.88,63.4,74.1,52.7
2021,11,Georgia,2.0,429.0,1.13,52.7,66.3,39.1
2021,11,Hawaii,,,1.77,67.3,75.4,59.3
2021,11,Idaho,0.0,768.0,2.17,36.7,45.4,27.9
2021,11,Illinois,0.0,770.0,0.86,40.9,51.3,30.5
2021,11,Indiana,0.0,759.0,1.43,40.0,50.1,29.9
2021,11,Iowa,0.0,777.0,0.98,39.2,49.5,28.7
2021,11,Kansas,0.0,535.0,0.39,46.7,60.3,33.2
2021,11,Kentucky,0.0,650.0,1.98,43.4,55.6,31.3
2021,11,Louisiana,22.0,250.0,1.33,56.4,68.6,44.2
2021,11,Maine,0.0,808.0,3.28,35.3,43.6,27.0
2021,11,Maryland,0.0,620.0,0.98,44.4,55.0,33.8
2021,11,Massachusetts,0.0,696.0,2.29,40.8,51.1,30.4
2021,11,Michigan,0.0,801.0,1.76,36.3,44.1,28.6
2021,11,Minnesota,0.0,954.0,1.21,32.2,40.6,23.7
2021,11,Mississippi,6.0,367.0,1.26,52.7,65.7,39.6
2021,11,Missouri,0.0,598.0,1.04,45.5,57.2,33.8
2021,11,Montana,0.0,871.0,0.99,36.3,47.2,25.4
2021,11,Nebraska,0.0,657.0,0.31,42.6,56.3,28.9
2021,11,Nevada,24.0,302.0,0.18,45.2,58.2,32.2
2021,11,New Hampshire,0.0,835.0,2.85,35.9,45.6,26.2
2021,11,New Jersey,0.0,655.0,1.01,43.6,54.3,32.8
2021,11,New Mexico,0.0,501.0,0.1,47.6,64.4,30.9
2021,11,New York,0.0,713.0,2.67,37.0,45.5,28.4
2021,11,North Carolina,0.0,508.0,0.91,48.1,60.9,35.2
2021,11,North Dakota,0.0,983.0,0.45,32.6,42.9,22.2
2021,11,Ohio,0.0,736.0,1.56,40.5,50.1,31.0
2021,11,Oklahoma,3.0,412.0,0.9,51.2,64.5,37.8
2021,11,Oregon,0.0,569.0,3.86,41.9,50.5,33.3
2021,11,Pennsylvania,0.0,738.0,1.73,39.0,48.5,29.6
2021,11,Rhode Island,0.0,663.0,2.21,42.9,53.2,32.7
2021,11,South Carolina,2.0,411.0,0.91,51.6,65.0,38.2
2021,11,South Dakota,0.0,806.0,0.24,38.2,50.5,26.0
2021,11,Tennessee,0.0,583.0,1.68,45.6,58.1,33.0
2021,11,Texas,40.0,216.0,1.16,57.3,70.8,43.9
2021,11,Utah,0.0,709.0,0.25,42.5,54.9,30.2
2021,11,Vermont,0.0,912.0,3.31,34.3,43.4,25.3
2021,11,Virginia,0.0,597.0,0.94,44.5,56.6,32.4
2021,11,Washington,0.0,632.0,9.22,39.9,46.1,33.7
2021,11,West Virginia,0.0,705.0,1.32,40.9,52.0,29.8
2021,11,Wisconsin,0.0,879.0,1.24,33.9,42.9,24.8
2021,11,Wyoming,0.0,822.0,0.54,36.6,48.1,25.2
2021,12,Alabama,36.0,315.0,4.66,56.8,67.8,45.7
2021,12,Alaska,,,3.84,6.8,13.7,-0.2
2021,12,Arizona,0.0,381.0,1.77,45.6,57.5,33.6
2021,12,Arkansas,16.0,398.0,3.48,53.4,64.0,42.8
2021,12,California,0.0,553.0,6.26,43.5,52.3,34.7
2021,12,Colorado,0.0,974.0,1.72,32.4,45.8,19.0
2021,12,Connecticut,0.0,843.0,2.13,37.0,44.6,29.5
2021,12,Delaware,0.0,675.0,0.99,44.0,53.4,34.5
2021,12,Florida,178.0,69.0,1.71,66.5,77.0,56.0
2021,12,Georgia,22.0,360.0,4.24,56.6,67.9,45.2
2021,12,Hawaii,,,12.08,64.8,71.1,58.4
2021,12,Idaho,0.0,1106.0,3.91,26.5,33.7,19.3
2021,12,Illinois,1.0,867.0,2.52,40.2,49.7,30.6
2021,12,Indiana,1.0,779.0,4.0,40.5,50.0,31.0
2021,12,Iowa,0.0,1018.0,0.87,31.9,41.9,21.9
2021,12,Kansas,1.0,699.0,0.2,41.1,56.2,26.0
2021,12,Kentucky,11.0,552.0,4.24,47.6,58.9,36.4
2021,12,Louisiana,89.0,151.0,2.72,62.4,71.7,53.0
2021,12,Maine,0.0,1139.0,3.14,24.5,32.5,16.4
2021,12,Maryland,0.0,661.0,1.09,43.8,53.5,34.0
2021,12,Massachusetts,0.0,870.0,3.07,36.0,43.5,28.4
2021,12,Michigan,0.0,948.0,2.54,30.1,37.4,22.8
2021,12,Minnesota,0.0,1391.0,1.94,18.2,27.3,9.1
2021,12,Mississippi,55.0,244.0,3.5,58.6,69.1,48.1
2021,12,Missouri,4.0,665.0,2.19,44.7,55.9,33.6
2021,12,Montana,0.0,1341.0,1.67,19.3,29.2,9.3
2021,12,Nebraska,0.0,942.0,0.33,33.8,47.2,20.3
2021,12,Nevada,0.0,703.0,2.11,32.4,42.5,22.3
2021,12,New Hampshire,0.0,1074.0,3.49,28.9,36.8,21.1
2021,12,New Jersey,0.0,754.0,1.26,41.2,49.5,32.9
2021,12,New Mexico,0.0,710.0,0.52,42.0,56.7,27.2
2021,12,New York,0.0,837.0,2.63,32.8,40.1,25.6
2021,12,North Carolina,11.0,446.0,2.31,50.8,62.5,39.1
2021,12,North Dakota,0.0,1587.0,0.88,14.0,24.0,4.1
2021,12,Ohio,0.0,773.0,3.83,40.2,49.6,30.9
2021,12,Oklahoma,10.0,444.0,0.87,50.4,64.6,36.2
2021,12,Oregon,0.0,850.0,5.76,32.4,39.2,25.7
2021,12,Pennsylvania,0.0,806.0,2.43,37.6,45.8,29.3
2021,12,Rhode Island,0.0,818.0,1.97,38.6,46.3,30.9
2021,12,South Carolina,22.0,353.0,3.1,54.6,66.2,43.0
2021,12,South Dakota,0.0,1221.0,0.63,24.5,35.2,13.8
2021,12,Tennessee,14.0,468.0,4.62,50.4,61.3,39.5
2021,12,Texas,87.0,161.0,0.63,59.1,72.2,46.0
2021,12,Utah,0.0,1084.0,2.24,31.1,40.9,21.4
2021,12,Vermont,0.0,1123.0,3.07,28.2,36.3,20.1
2021,12,Virginia,3.0,596.0,1.16,45.8,57.1,34.5
2021,12,Washington,0.0,957.0,6.37,29.4,35.0,23.9
2021,12,West Virginia,2.0,683.0,2.53,42.6,54.0,31.2
2021,12,Wisconsin,0.0,1122.0,1.91,24.8,33.2,16.6
2021,12,Wyoming,0.0,1159.0,1.3,26.2,36.7,15.6
2022,2,Alabama,7.0,454.0,5.66,50.1,62.9,37.3
2022,2,Alaska,,,4.33,8.2,14.9,1.6
2022,2,Arizona,6.0,387.0,0.4,44.0,59.1,28.9
2022,2,Arkansas,0.0,659.0,4.41,42.2,54.4,30.0
2022,2,California,0.0,406.0,0.24,47.4,61.2,33.6
2022,2,Colorado,0.0,1126.0,0.94,25.1,39.2,11.0
2022,2,Connecticut,0.0,942.0,4.08,30.6,41.6,19.7
2022,2,Delaware,0.0,747.0,1.94,39.1,50.1,28.0
2022,2,Florida,131.0,103.0,1.19,63.2,74.8,51.6
2022,2,Georgia,7.0,427.0,3.47,52.8,65.6,39.9
2022,2,Hawaii,,,1.31,64.6,73.0,56.1
2022,2,Idaho,0.0,1070.0,0.91,24.5,35.2,13.8
2022,2,Illinois,0.0,1103.0,3.16,28.0,37.9,18.0
2022,2,Indiana,0.0,1000.0,4.53,29.8,39.4,20.2
2022,2,Iowa,0.0,1224.0,0.28,21.3,33.2,9.4
2022,2,Kansas,0.0,921.0,0.37,31.8,46.6,17.1
2022,2,Kentucky,0.0,752.0,6.42,38.4,49.7,27.2
2022,2,Louisiana,14.0,352.0,2.98,51.3,63.2,39.3
2022,2,Maine,0.0,1161.0,3.82,19.2,30.5,8.0
2022,2,Maryland,0.0,740.0,2.14,38.4,49.7,27.1
2022,2,Massachusetts,0.0,953.0,4.97,29.9,40.8,19.1
2022,2,Michigan,0.0,1140.0,2.02,19.5,28.6,10.5
2022,2,Minnesota,0.0,1580.0,0.79,6.5,18.8,-5.8
2022,2,Mississippi,8.0,451.0,5.06,48.7,61.2,36.2
2022,2,Missouri,0.0,937.0,2.97,32.5,44.8,20.3
2022,2,Montana,0.0,1174.0,0.85,22.6,33.8,11.4
2022,2,Nebraska,0.0,1056.0,0.12,26.9,41.5,12.3
2022,2,Nevada,0.0,565.0,0.23,34.6,48.3,21.0
2022,2,New Hampshire,0.0,1120.0,4.28,23.5,34.9,12.2
2022,2,New Jersey,0.0,845.0,2.71,35.6,47.0,24.2
2022,2,New Mexico,0.0,808.0,0.29,35.0,51.3,18.6
2022,2,New York,0.0,982.0,3.84,23.8,34.9,12.6
2022,2,North Carolina,1.0,529.0,2.97,46.0,58.1,33.9
2022,2,North Dakota,0.0,1579.0,0.34,9.4,21.4,-2.5
2022,2,Ohio,0.0,966.0,4.83,30.7,40.1,21.4
2022,2,Oklahoma,0.0,733.0,1.7,38.5,52.6,24.3
2022,2,Oregon,0.0,688.0,1.32,35.6,46.6,24.6
2022,2,Pennsylvania,0.0,920.0,4.3,29.7,40.5,18.9
2022,2,Rhode Island,0.0,913.0,5.97,32.4,42.9,22.0
2022,2,South Carolina,9.0,388.0,2.08,51.8,64.3,39.3
2022,2,South Dakota,0.0,1263.0,0.28,20.0,33.7,6.3
2022,2,Tennessee,0.0,645.0,8.56,41.8,53.4,30.2
2022,2,Texas,5.0,473.0,1.07,45.8,60.0,31.6
2022,2,Utah,0.0,1046.0,0.5,29.6,42.6,16.6
2022,2,Vermont,0.0,1228.0,4.06,21.0,32.6,9.3
2022,2,Virginia,0.0,679.0,2.79,40.7,52.6,28.8
2022,2,Washington,0.0,749.0,3.19,33.6,41.9,25.3
2022,2,West Virginia,0.0,820.0,4.26,35.3,47.2,23.4
2022,2,Wisconsin,0.0,1284.0,0.65,14.9,25.8,4.1
2022,2,Wyoming,0.0,1214.0,0.53,20.9,33.4,8.3
2022,3,Alabama,32.0,291.0,7.15,57.4,71.1,43.7
2022,3,Alaska,,,2.49,16.7,24.6,8.7
2022,3,Arizona,40.0,229.0,0.58,51.8,67.0,36.5
2022,3,Arkansas,14.0,433.0,5.76,52.1,65.1,39.1
2022,3,California,6.0,334.0,1.05,52.9,66.2,39.7
2022,3,Colorado,0.0,922.0,1.44,35.1,49.1,21.1
2022,3,Connecticut,0.0,788.0,2.85,39.0,49.1,28.9
2022,3,Delaware,0.0,573.0,2.93,47.2,57.8,36.6
2022,3,Florida,221.0,36.0,5.39,68.6,80.3,57.0
2022,3,Georgia,30.0,301.0,4.67,59.0,72.3,45.6
2022,3,Hawaii,,,2.69,65.7,73.8,57.5
2022,3,Idaho,0.0,774.0,1.44,36.3,47.1,25.5
2022,3,Illinois,1.0,764.0,4.36,43.1,53.6,32.6
2022,3,Indiana,2.0,678.0,4.02,43.7,54.7,32.6
2022,3,Iowa,0.0,861.0,2.65,37.1,47.6,26.6
2022,3,Kansas,6.0,624.0,2.16,44.0,58.6,29.5
2022,3,Kentucky,13.0,508.0,3.4,49.1,61.6,36.5
2022,3,Louisiana,45.0,205.0,5.86,58.9,71.7,46.2
2022,3,Maine,0.0,1010.0,3.33,29.0,38.2,19.8
2022,3,Maryland,0.0,566.0,2.84,46.7,57.8,35.5
2022,3,Massachusetts,0.0,801.0,3.01,38.1,48.4,27.9
2022,3,Michigan,0.0,898.0,3.38,31.0,40.3,21.7
2022,3,Minnesota,0.0,1156.0,1.16,26.1,35.6,16.6
2022,3,Mississippi,35.0,270.0,7.01,57.1,70.9,43.4
2022,3,Missouri,7.0,614.0,4.41,46.1,58.2,34.0
2022,3,Montana,0.0,971.0,0.96,33.5,45.5,21.5
2022,3,Nebraska,0.0,794.0,0.86,38.1,52.1,24.1
2022,3,Nevada,15.0,392.0,0.64,43.3,56.4,30.1
2022,3,New Hampshire,0.0,978.0,3.07,32.0,42.3,21.7
2022,3,New Jersey,0.0,675.0,2.64,43.9,54.5,33.2
2022,3,New Mexico,0.0,603.0,0.5,44.4,61.0,27.8
2022,3,New York,0.0,813.0,3.07,33.8,44.0,23.5
2022,3,North Carolina,16.0,369.0,3.97,53.4,66.2,40.7
2022,3,North Dakota,0.0,1197.0,0.21,26.9,37.2,16.6
2022,3,Ohio,2.0,688.0,2.82,43.2,54.4,31.9
2022,3,Oklahoma,12.0,450.0,2.59,50.4,65.2,35.7
2022,3,Oregon,0.0,599.0,2.18,41.9,52.4,31.3
2022,3,Pennsylvania,0.0,735.0,2.75,39.4,50.3,28.4
2022,3,Rhode Island,0.0,756.0,3.11,40.6,50.6,30.6
2022,3,South Carolina,35.0,268.0,3.6,57.7,70.5,44.9
2022,3,South Dakota,0.0,981.0,0.43,33.4,46.3,20.4
2022,3,Tennessee,16.0,429.0,4.52,51.6,64.2,39.0
2022,3,Texas,47.0,229.0,1.23,57.0,72.5,41.5
2022,3,Utah,0.0,815.0,0.9,40.2,52.8,27.6
2022,3,Vermont,0.0,1053.0,3.13,30.7,40.8,20.6
2022,3,Virginia,5.0,501.0,3.44,48.9,61.6,36.3
2022,3,Washington,0.0,636.0,3.44,41.5,50.2,32.8
2022,3,West Virginia,2.0,619.0,2.53,44.6,57.6,31.7
2022,3,Wisconsin,0.0,1003.0,3.19,29.5,38.8,20.2
2022,3,Wyoming,0.0,1004.0,0.86,32.0,45.0,19.0
2022,4,Alabama,42.0,133.0,5.56,62.6,75.5,49.6
2022,4,Alaska,,,0.99,24.9,34.4,15.4
2022,4,Arizona,148.0,74.0,0.02,60.5,77.1,43.9
2022,4,Arkansas,21.0,194.0,6.48,59.9,71.2,48.5
2022,4,California,18.0,252.0,1.72,55.9,69.2,42.6
2022,4,Colorado,0.0,641.0,0.73,43.9,59.0,28.6
2022,4,Connecticut,0.0,507.0,4.75,47.6,58.3,37.0
2022,4,Delaware,0.0,366.0,3.94,53.2,63.6,42.9
2022,4,Florida,266.0,4.0,3.29,72.0,83.1,60.8
2022,4,Georgia,28.0,162.0,3.71,63.0,76.9,49.1
2022,4,Hawaii,,,4.04,66.5,73.5,59.4
2022,4,Idaho,0.0,710.0,2.34,37.2,48.8,25.6
2022,4,Illinois,0.0,548.0,3.55,49.6,59.9,39.3
2022,4,Indiana,0.0,485.0,3.3,49.3,60.1,38.6
2022,4,Iowa,0.0,634.0,3.22,43.8,54.8,32.8
2022,4,Kansas,10.0,320.0,0.98,54.1,69.0,39.2
2022,4,Kentucky,3.0,329.0,4.39,54.4,65.9,42.8
2022,4,Louisiana,126.0,34.0,3.51,67.4,78.6,56.3
2022,4,Maine,0.0,654.0,4.46,40.6,50.3,30.9
2022,4,Maryland,0.0,352.0,3.83,53.1,64.1,42.1
2022,4,Massachusetts,0.0,516.0,4.1,47.0,57.9,36.2
2022,4,Michigan,0.0,639.0,3.52,40.2,49.4,31.0
2022,4,Minnesota,0.0,841.0,3.72,35.6,43.9,27.2
2022,4,Mississippi,68.0,92.0,6.05,64.0,76.6,51.3
2022,4,Missouri,3.0,383.0,4.52,53.0,64.4,41.6
2022,4,Montana,0.0,924.0,1.93,35.2,46.6,23.7
2022,4,Nebraska,0.0,499.0,1.65,46.6,61.8,31.4
2022,4,Nevada,64.0,249.0,0.54,47.3,61.8,32.9
2022,4,New Hampshire,0.0,632.0,4.3,42.6,53.3,31.9
2022,4,New Jersey,0.0,429.0,5.04,51.1,61.8,40.3
2022,4,New Mexico,17.0,268.0,0.05,55.3,72.8,37.7
2022,4,New York,0.0,528.0,4.65,43.8,54.2,33.4
2022,4,North Carolina,14.0,188.0,2.94,58.8,71.8,45.9
2022,4,North Dakota,0.0,939.0,3.7,33.6,42.5,24.7
2022,4,Ohio,0.0,497.0,2.96,48.6,59.2,38.1
2022,4,Oklahoma,40.0,159.0,2.65,61.0,74.6,47.4
2022,4,Oregon,0.0,621.0,4.15,40.6,51.5,29.7
2022,4,Pennsylvania,0.0,491.0,4.3,47.0,57.9,36.0
2022,4,Rhode Island,0.0,498.0,3.62,48.4,58.3,38.6
2022,4,South Carolina,32.0,122.0,4.01,62.3,75.5,49.1
2022,4,South Dakota,0.0,737.0,2.64,39.7,52.0,27.4
2022,4,Tennessee,8.0,258.0,4.71,56.7,69.0,44.4
2022,4,Texas,192.0,26.0,1.29,68.8,82.6,55.0
2022,4,Utah,1.0,658.0,0.65,46.4,60.7,32.0
2022,4,Vermont,0.0,701.0,4.92,41.3,52.0,30.7
2022,4,Virginia,3.0,297.0,2.76,55.2,67.9,42.5
2022,4,Washington,0.0,619.0,4.49,40.9,50.3,31.4
2022,4,West Virginia,0.0,413.0,3.23,50.8,63.4,38.2
2022,4,Wisconsin,0.0,721.0,3.39,39.0,48.0,30.1
2022,4,Wyoming,0.0,837.0,1.89,36.2,49.2,23.2
2022,5,Alabama,258.0,10.0,5.0,73.5,84.8,62.3
2022,5,Alaska,,,1.26,40.1,49.3,30.8
2022,5,Arizona,325.0,13.0,0.0,68.6,85.6,51.6
2022,5,Arkansas,185.0,25.0,6.47,71.0,81.3,60.6
2022,5,California,43.0,146.0,0.3,62.4,76.4,48.3
2022,5,Colorado,2.0,376.0,1.6,53.4,68.2,38.6
2022,5,Connecticut,25.0,151.0,2.66,60.7,71.4,50.0
2022,5,Delaware,73.0,77.0,4.09,65.1,74.3,55.8
2022,5,Florida,420.0,0.0,4.62,77.7,88.4,67.0
2022,5,Georgia,213.0,16.0,3.43,73.2,85.2,61.2
2022,5,Hawaii,,,3.11,67.2,74.4,59.9
2022,5,Idaho,3.0,452.0,3.23,46.4,58.0,34.9
2022,5,Illinois,95.0,144.0,4.08,65.3,75.5,55.0
2022,5,Indiana,107.0,121.0,5.06,64.9,76.0,53.8
2022,5,Iowa,70.0,175.0,3.59,61.3,72.1,50.5
2022,5,Kansas,109.0,92.0,5.35,64.6,76.9,52.4
2022,5,Kentucky,142.0,64.0,4.86,67.5,78.7,56.3
2022,5,Louisiana,388.0,0.0,4.95,77.0,87.2,66.8
2022,5,Maine,2.0,294.0,2.82,54.4,67.8,41.0
2022,5,Maryland,79.0,83.0,5.64,64.6,74.6,54.7
2022,5,Massachusetts,19.0,174.0,2.23,59.8,70.7,48.9
2022,5,Michigan,58.0,191.0,3.25,57.6,69.0,46.2
2022,5,Minnesota,25.0,291.0,5.03,55.3,66.0,44.6
2022,5,Mississippi,315.0,3.0,4.88,75.0,86.3,63.6
2022,5,Missouri,113.0,94.0,6.25,65.9,76.2,55.5
2022,5,Montana,1.0,578.0,2.39,48.5,60.4,36.7
2022,5,Nebraska,67.0,181.0,3.64,58.7,71.6,45.8
2022,5,Nevada,176.0,120.0,0.48,54.5,69.4,39.7
2022,5,New Hampshire,13.0,226.0,2.82,57.2,70.4,44.0
2022,5,New Jersey,49.0,113.0,5.28,63.2,73.5,52.9
2022,5,New Mexico,110.0,79.0,0.18,64.8,82.9,46.7
2022,5,New York,29.0,163.0,3.17,58.6,70.8,46.3
2022,5,North Carolina,160.0,32.0,4.73,68.8,79.8,57.9
2022,5,North Dakota,13.0,379.0,4.08,52.9,64.4,41.4
2022,5,Ohio,87.0,131.0,5.39,63.8,74.7,52.8
2022,5,Oklahoma,189.0,21.0,6.29,70.6,82.2,59.0
2022,5,Oregon,0.0,434.0,3.71,48.1,59.7,36.5
2022,5,Pennsylvania,50.0,143.0,5.16,60.5,72.4,48.6
2022,5,Rhode Island,18.0,161.0,1.86,60.4,70.0,50.7
2022,5,South Carolina,245.0,8.0,3.39,72.8,84.1,61.6
2022,5,South Dakota,26.0,306.0,3.41,55.4,67.9,42.8
2022,5,Tennessee,164.0,39.0,4.46,69.0,80.0,58.0
2022,5,Texas,433.0,0.0,2.32,78.0,91.3,64.6
2022,5,Utah,10.0,431.0,0.69,55.0,69.9,40.1
2022,5,Vermont,14.0,255.0,3.28,56.9,70.4,43.3
2022,5,Virginia,86.0,79.0,5.53,65.0,75.9,54.2
2022,5,Washington,0.0,439.0,4.0,48.5,58.0,39.1
2022,5,West Virginia,77.0,119.0,5.79,63.0,75.2,50.8
2022,5,Wisconsin,36.0,240.0,3.9,57.2,68.2,46.2
2022,5,Wyoming,0.0,536.0,2.62,46.9,59.4,34.3
2022,6,Alabama,441.0,0.0,3.3,80.4,91.8,68.9
2022,6,Alaska,,,1.17,52.7,62.7,42.6
2022,6,Arizona,619.0,1.0,0.7,78.6,94.3,63.0
2022,6,Arkansas,379.0,0.0,3.38,78.2,89.2,67.1
2022,6,California,179.0,18.0,0.43,72.0,86.9,57.0
2022,6,Colorado,76.0,90.0,1.41,64.4,79.4,49.3
2022,6,Connecticut,83.0,30.0,3.45,66.3,77.4,55.3
2022,6,Delaware,213.0,0.0,3.44,72.4,83.2,61.6
2022,6,Florida,507.0,0.0,6.78,82.0,91.9,72.1
2022,6,Georgia,398.0,0.0,2.94,80.1,92.2,68.0
2022,6,Hawaii,,,2.94,67.7,75.4,60.0
2022,6,Idaho,51.0,158.0,2.08,57.3,70.7,43.8
2022,6,Illinois,217.0,16.0,2.76,73.5,85.3,61.7
2022,6,Indiana,220.0,12.0,2.34,72.1,84.8,59.5
2022,6,Iowa,216.0,20.0,3.53,71.6,83.2,60.0
2022,6,Kansas,341.0,4.0,3.47,75.8,88.3,63.3
2022,6,Kentucky,271.0,3.0,2.7,74.0,86.6,61.3
2022,6,Louisiana,541.0,0.0,2.83,82.7,92.9,72.5
2022,6,Maine,12.0,124.0,3.27,60.1,71.5,48.6
2022,6,Maryland,222.0,0.0,3.58,72.1,83.0,61.2
2022,6,Massachusetts,72.0,41.0,2.74,65.6,76.7,54.4
2022,6,Michigan,132.0,40.0,2.64,65.0,77.5,52.5
2022,6,Minnesota,121.0,65.0,2.79,66.2,78.0,54.4
2022,6,Mississippi,488.0,0.0,2.65,81.2,92.6,69.8
2022,6,Missouri,308.0,4.0,2.75,75.3,86.6,64.0
2022,6,Montana,15.0,275.0,2.89,58.5,71.3,45.6
2022,6,Nebraska,265.0,17.0,1.78,71.4,85.6,57.2
2022,6,Nevada,425.0,24.0,0.17,66.9,82.7,51.0
2022,6,New Hampshire,28.0,91.0,3.21,61.8,73.6,50.0
2022,6,New Jersey,145.0,11.0,3.39,69.9,80.9,58.9
2022,6,New Mexico,270.0,12.0,2.45,72.6,87.2,58.0
2022,6,New York,90.0,36.0,3.8,63.8,75.0,52.5
2022,6,North Carolina,320.0,1.0,2.19,75.1,86.7,63.4
2022,6,North Dakota,103.0,99.0,2.39,64.6,77.2,52.0
2022,6,Ohio,180.0,16.0,3.82,70.6,82.6,58.5
2022,6,Oklahoma,435.0,0.0,3.71,79.4,91.0,67.8
2022,6,Oregon,13.0,169.0,2.68,58.3,71.3,45.2
2022,6,Pennsylvania,127.0,25.0,3.58,67.1,79.1,55.1
2022,6,Rhode Island,74.0,35.0,3.91,66.3,76.4,56.2
2022,6,South Carolina,414.0,0.0,3.47,78.9,90.5,67.4
2022,6,South Dakota,161.0,65.0,2.34,67.6,80.8,54.5
2022,6,Tennessee,325.0,0.0,2.58,75.8,87.9,63.6
2022,6,Texas,590.0,0.0,1.41,83.8,96.4,71.1
2022,6,Utah,101.0,118.0,0.47,67.6,83.1,52.1
2022,6,Vermont,18.0,115.0,3.32,61.4,73.2,49.7
2022,6,Virginia,232.0,2.0,3.27,72.2,83.8,60.6
2022,6,Washington,13.0,184.0,3.62,58.0,68.5,47.4
2022,6,West Virginia,154.0,20.0,4.61,68.7,81.2,56.2
2022,6,Wisconsin,115.0,60.0,3.04,65.5,77.6,53.4
2022,6,Wyoming,44.0,191.0,1.11,59.0,74.1,43.9
2022,7,Alabama,512.0,0.0,5.71,81.7,91.5,71.8
2022,7,Alaska,,,4.39,53.3,60.9,45.5
2022,7,Arizona,724.0,0.0,2.27,82.2,95.5,68.9
2022,7,Arkansas,590.0,0.0,3.19,84.1,95.6,72.6
2022,7,California,282.0,0.0,0.13,77.6,92.3,62.8
2022,7,Colorado,190.0,6.0,2.85,70.4,84.8,56.0
2022,7,Connecticut,303.0,0.0,2.08,74.2,85.4,63.0
2022,7,Delaware,431.0,0.0,3.61,79.0,88.4,69.6
2022,7,Florida,577.0,0.0,7.47,83.2,92.1,74.2
2022,7,Georgia,467.0,0.0,6.17,81.2,91.0,71.4
2022,7,Hawaii,,,2.93,69.4,77.0,61.8
2022,7,Idaho,286.0,13.0,0.26,69.4,85.8,53.1
2022,7,Illinois,286.0,0.0,5.28,75.8,85.8,65.7
2022,7,Indiana,312.0,1.0,5.49,75.3,85.5,65.0
2022,7,Iowa,293.0,7.0,3.23,74.2,84.9,63.5
2022,7,Kansas,496.0,0.0,3.01,81.1,94.3,67.9
2022,7,Kentucky,408.0,0.0,8.04,78.2,88.3,68.1
2022,7,Louisiana,577.0,0.0,5.54,83.9,93.2,74.5
2022,7,Maine,162.0,12.0,4.48,67.8,80.1,55.4
2022,7,Maryland,403.0,0.0,4.82,77.7,87.5,68.0
2022,7,Massachusetts,284.0,0.0,2.15,73.3,84.9,61.7
2022,7,Michigan,222.0,6.0,2.96,69.2,80.8,57.6
2022,7,Minnesota,186.0,23.0,3.08,69.7,80.6,58.9
2022,7,Mississippi,555.0,0.0,5.44,82.9,93.2,72.6
2022,7,Missouri,439.0,0.0,4.0,79.8,91.1,68.4
2022,7,Montana,125.0,55.0,1.81,69.0,84.7,53.3
2022,7,Nebraska,366.0,6.0,3.09,76.5,89.8,63.0
2022,7,Nevada,623.0,0.0,0.48,76.3,92.1,60.6
2022,7,New Hampshire,171.0,9.0,3.72,68.7,81.5,55.9
2022,7,New Jersey,385.0,0.0,2.05,77.9,88.4,67.4
2022,7,New Mexico,380.0,0.0,2.37,76.3,90.5,62.1
2022,7,New York,285.0,3.0,3.28,69.7,81.4,58.0
2022,7,North Carolina,449.0,0.0,6.6,79.1,88.6,69.5
2022,7,North Dakota,203.0,27.0,2.78,70.7,82.9,58.4
2022,7,Ohio,282.0,0.0,5.06,74.0,84.0,64.1
2022,7,Oklahoma,672.0,0.0,1.61,86.6,100.3,72.8
2022,7,Oregon,139.0,22.0,0.22,69.3,85.0,53.6
2022,7,Pennsylvania,297.0,1.0,3.27,72.3,84.0,60.6
2022,7,Rhode Island,291.0,0.0,1.12,74.4,84.7,64.2
2022,7,South Carolina,505.0,0.0,6.26,81.3,90.4,72.1
2022,7,South Dakota,306.0,13.0,2.79,74.6,88.1,61.1
2022,7,Tennessee,472.0,0.0,5.55,80.2,90.5,69.8
2022,7,Texas,708.0,0.0,1.03,87.2,100.0,74.3
2022,7,Utah,288.0,11.0,0.91,75.5,90.3,60.7
2022,7,Vermont,115.0,25.0,3.77,67.4,80.2,54.6
2022,7,Virginia,388.0,0.0,5.48,76.9,86.8,66.9
2022,7,Washington,111.0,39.0,0.6,67.9,81.6,54.2
2022,7,West Virginia,270.0,1.0,6.33,73.0,83.0,62.8
2022,7,Wisconsin,194.0,16.0,3.63,69.4,80.6,58.1
2022,7,Wyoming,175.0,26.0,0.84,69.0,85.1,52.8
2022,8,Alabama,432.0,0.0,6.41,79.3,88.2,70.3
2022,8,Alaska,,,6.33,50.1,56.7,43.6
2022,8,Arizona,621.0,0.0,3.24,79.0,91.2,66.7
2022,8,Arkansas,441.0,1.0,4.42,79.4,89.0,69.8
2022,8,California,340.0,0.0,0.4,78.4,92.9,64.0
2022,8,Colorado,128.0,16.0,1.92,67.8,82.2,53.5
2022,8,Connecticut,312.0,0.0,2.6,74.5,85.3,63.8
2022,8,Delaware,400.0,0.0,2.08,78.1,88.1,68.0
2022,8,Florida,575.0,0.0,7.05,83.0,92.0,73.9
2022,8,Georgia,402.0,0.0,5.64,79.5,89.0,70.0
2022,8,Hawaii,,,2.41,69.5,77.5,61.4
2022,8,Idaho,288.0,12.0,0.71,69.4,85.2,53.6
2022,8,Illinois,238.0,12.0,4.06,73.6,84.0,63.3
2022,8,Indiana,247.0,8.0,3.83,73.0,83.6,62.4
2022,8,Iowa,233.0,18.0,3.49,72.0,83.1,60.9
2022,8,Kansas,447.0,1.0,1.23,79.2,93.3,65.0
2022,8,Kentucky,320.0,0.0,4.57,75.3,85.5,65.2
2022,8,Louisiana,521.0,0.0,10.45,81.8,90.0,73.6
2022,8,Maine,153.0,18.0,4.95,67.3,77.5,57.0
2022,8,Maryland,369.0,0.0,3.2,76.7,86.9,66.4
2022,8,Massachusetts,298.0,0.0,2.56,73.9,84.8,63.0
2022,8,Michigan,202.0,17.0,4.09,68.2,79.0,57.4
2022,8,Minnesota,129.0,44.0,3.75,67.3,77.9,56.8
2022,8,Mississippi,472.0,0.0,9.28,80.2,89.4,70.9
2022,8,Missouri,353.0,4.0,3.86,76.4,87.4,65.4
2022,8,Montana,134.0,46.0,0.88,69.7,85.6,53.7
2022,8,Nebraska,329.0,8.0,1.01,75.0,89.3,60.7
2022,8,Nevada,571.0,0.0,1.49,74.4,89.0,59.7
2022,8,New Hampshire,200.0,9.0,3.67,69.8,81.2,58.4
2022,8,New Jersey,367.0,0.0,2.34,77.2,88.1,66.2
2022,8,New Mexico,252.0,8.0,3.51,71.9,84.2,59.5
2022,8,New York,292.0,4.0,3.68,70.0,81.2,58.8
2022,8,North Carolina,369.0,0.0,4.58,76.5,85.9,67.1
2022,8,North Dakota,167.0,37.0,1.38,69.5,82.6,56.4
2022,8,Ohio,229.0,6.0,4.09,72.2,82.2,62.1
2022,8,Oklahoma,550.0,0.0,2.16,82.5,94.9,70.2
2022,8,Oregon,168.0,12.0,0.3,70.4,86.3,54.5
2022,8,Pennsylvania,270.0,5.0,3.74,71.4,82.7,60.0
2022,8,Rhode Island,310.0,0.0,2.9,75.0,84.7,65.2
2022,8,South Carolina,433.0,0.0,5.31,79.0,88.0,70.0
2022,8,South Dakota,245.0,15.0,1.83,73.2,87.2,59.2
2022,8,Tennessee,356.0,0.0,4.28,76.4,86.3,66.4
2022,8,Texas,611.0,0.0,4.33,83.4,94.4,72.3
2022,8,Utah,201.0,25.0,1.6,72.4,86.2,58.6
2022,8,Vermont,139.0,23.0,3.57,68.4,79.9,57.0
2022,8,Virginia,327.0,0.0,4.36,74.7,84.5,64.9
2022,8,Washington,144.0,21.0,0.21,69.8,84.0,55.6
2022,8,West Virginia,236.0,2.0,6.07,71.7,81.9,61.6
2022,8,Wisconsin,154.0,33.0,4.9,67.5,77.9,57.0
2022,8,Wyoming,132.0,37.0,1.38,67.3,82.7,52.0
2022,9,Alabama,252.0,8.0,2.23,73.7,85.2,62.3
2022,9,Alaska,,,6.24,42.7,48.6,36.8
2022,9,Arizona,524.0,1.0,1.45,75.9,89.5,62.3
2022,9,Arkansas,266.0,11.0,1.26,73.8,86.7,60.8
2022,9,California,271.0,3.0,0.83,73.8,87.6,60.1
2022,9,Colorado,48.0,116.0,1.21,62.5,78.2,46.8
2022,9,Connecticut,51.0,72.0,6.23,63.6,73.6,53.6
2022,9,Delaware,141.0,16.0,3.14,69.3,79.5,59.1
2022,9,Florida,474.0,0.0,9.66,80.0,88.9,71.0
2022,9,Georgia,217.0,8.0,3.03,74.0,85.1,62.8
2022,9,Hawaii,,,3.14,69.8,77.5,62.0
2022,9,Idaho,90.0,107.0,0.98,60.8,76.3,45.3
2022,9,Illinois,90.0,65.0,2.54,67.0,78.3,55.7
2022,9,Indiana,94.0,68.0,2.26,66.1,77.5,54.7
2022,9,Iowa,87.0,85.0,1.9,65.1,77.3,52.9
2022,9,Kansas,239.0,24.0,1.36,72.0,87.2,56.8
2022,9,Kentucky,136.0,44.0,1.91,68.1,79.7,56.5
2022,9,Louisiana,384.0,0.0,1.89,77.3,88.5,66.1
2022,9,Maine,7.0,185.0,4.62,57.2,67.1,47.2
2022,9,Maryland,135.0,24.0,3.29,68.5,78.8,58.2
2022,9,Massachusetts,35.0,91.0,5.66,62.4,72.4,52.4
2022,9,Michigan,55.0,96.0,2.46,60.9,71.4,50.4
2022,9,Minnesota,35.0,156.0,1.53,60.3,71.9,48.6
2022,9,Mississippi,301.0,2.0,1.6,74.8,87.3,62.4
2022,9,Missouri,164.0,41.0,1.7,69.5,82.0,56.9
2022,9,Montana,38.0,217.0,1.05,60.6,76.0,45.2
2022,9,Nebraska,153.0,53.0,1.34,67.5,83.4,51.7
2022,9,Nevada,388.0,14.0,0.85,67.6,83.0,52.2
2022,9,New Hampshire,9.0,183.0,5.79,58.2,68.2,48.2
2022,9,New Jersey,101.0,37.0,3.11,67.6,78.0,57.2
2022,9,New Mexico,143.0,27.0,1.06,68.0,82.8,53.2
2022,9,New York,62.0,76.0,5.07,60.5,69.7,51.2
2022,9,North Carolina,181.0,17.0,4.02,70.3,81.3,59.3
2022,9,North Dakota,45.0,173.0,0.65,61.0,75.2,46.7
2022,9,Ohio,81.0,74.0,3.06,65.2,75.3,55.1
2022,9,Oklahoma,333.0,9.0,0.79,75.9,90.6,61.2
2022,9,Oregon,60.0,83.0,0.54,62.5,77.3,47.7
2022,9,Pennsylvania,65.0,76.0,4.79,63.0,73.0,52.9
2022,9,Rhode Island,38.0,80.0,6.36,63.6,72.8,54.4
2022,9,South Carolina,260.0,2.0,3.63,73.8,84.6,63.0
2022,9,South Dakota,102.0,103.0,0.59,65.4,81.0,49.8
2022,9,Tennessee,162.0,28.0,2.74,69.4,81.5,57.2
2022,9,Texas,431.0,0.0,1.41,77.8,90.3,65.3
2022,9,Utah,96.0,99.0,1.33,66.6,81.5,51.8
2022,9,Vermont,8.0,214.0,5.57,57.8,67.9,47.8
2022,9,Virginia,142.0,31.0,2.64,67.9,79.1,56.6
2022,9,Washington,37.0,108.0,0.42,61.7,74.7,48.6
2022,9,West Virginia,74.0,76.0,2.71,64.2,75.0,53.5
2022,9,Wisconsin,37.0,127.0,2.71,60.4,71.1,49.6
2022,9,Wyoming,42.0,181.0,1.4,59.7,75.4,44.0
2022,10,Alabama,43.0,175.0,2.71,61.2,75.5,47.0
2022,10,Alaska,,,5.84,28.8,34.4,23.3
2022,10,Arizona,175.0,53.0,1.22,61.8,75.2,48.4
2022,10,Arkansas,41.0,166.0,3.24,61.4,75.6,47.1
2022,10,California,63.0,86.0,0.16,63.7,77.6,49.7
2022,10,Colorado,0.0,521.0,1.12,47.7,62.3,33.2
2022,10,Connecticut,0.0,370.0,4.43,52.5,62.9,42.0
2022,10,Delaware,7.0,309.0,4.54,55.8,65.4,46.2
2022,10,Florida,287.0,7.0,1.38,71.8,83.1,60.6
2022,10,Georgia,31.0,188.0,1.68,62.1,76.3,48.0
2022,10,Hawaii,,,3.98,69.3,76.8,61.8
2022,10,Idaho,0.0,434.0,1.25,48.0,61.5,34.4
2022,10,Illinois,2.0,407.0,2.22,53.3,66.4,40.2
2022,10,Indiana,4.0,389.0,1.79,52.8,66.0,39.7
2022,10,Iowa,3.0,457.0,0.92,50.4,64.5,36.3
2022,10,Kansas,23.0,240.0,0.71,57.7,73.4,41.9
2022,10,Kentucky,11.0,320.0,1.4,55.0,69.0,40.9
2022,10,Louisiana,119.0,60.0,1.43,66.2,80.2,52.3
2022,10,Maine,0.0,442.0,5.73,49.2,60.7,37.6
2022,10,Maryland,4.0,327.0,3.54,54.6,65.0,44.2
2022,10,Massachusetts,0.0,361.0,4.66,52.4,62.8,42.1
2022,10,Michigan,0.0,448.0,2.92,48.3,59.3,37.4
2022,10,Minnesota,0.0,536.0,0.68,46.9,58.1,35.8
2022,10,Mississippi,65.0,128.0,2.11,62.8,77.6,48.0
2022,10,Missouri,12.0,310.0,2.74,56.0,70.2,41.7
2022,10,Montana,0.0,574.0,1.63,47.1,59.2,34.9
2022,10,Nebraska,5.0,374.0,0.56,52.2,68.1,36.3
2022,10,Nevada,125.0,118.0,0.34,54.3,70.0,38.6
2022,10,New Hampshire,0.0,482.0,3.63,48.7,60.7,36.6
2022,10,New Jersey,3.0,356.0,6.46,54.0,64.3,43.7
2022,10,New Mexico,2.0,325.0,2.35,53.9,66.9,41.0
2022,10,New York,0.0,381.0,2.39,48.9,60.7,37.2
2022,10,North Carolina,16.0,251.0,2.31,57.4,69.2,45.7
2022,10,North Dakota,0.0,590.0,0.68,46.0,58.6,33.4
2022,10,Ohio,2.0,404.0,1.38,52.0,64.2,39.8
2022,10,Oklahoma,53.0,142.0,2.85,62.0,76.4,47.6
2022,10,Oregon,1.0,248.0,1.4,53.8,67.7,40.0
2022,10,Pennsylvania,0.0,439.0,2.91,49.4,61.0,37.8
2022,10,Rhode Island,0.0,329.0,5.35,54.4,63.7,45.1
2022,10,South Carolina,36.0,169.0,2.54,60.9,73.1,48.7
2022,10,South Dakota,0.0,484.0,0.56,49.4,63.8,35.0
2022,10,Tennessee,16.0,283.0,1.95,56.3,70.5,42.2
2022,10,Texas,152.0,47.0,2.36,66.4,79.7,53.1
2022,10,Utah,3.0,475.0,1.0,50.8,64.8,36.8
2022,10,Vermont,0.0,523.0,2.92,48.0,60.6,35.3
2022,10,Virginia,5.0,333.0,2.86,53.9,65.7,42.0
2022,10,Washington,0.0,308.0,2.74,53.6,65.2,41.9
2022,10,West Virginia,2.0,440.0,2.9,50.3,63.3,37.2
2022,10,Wisconsin,0.0,511.0,1.17,47.2,58.8,35.7
2022,10,Wyoming,0.0,611.0,0.75,44.7,58.7,30.6
2022,11,Alabama,11.0,326.0,4.83,55.3,66.8,43.8
2022,11,Alaska,,,3.35,16.3,22.4,10.2
2022,11,Arizona,5.0,364.0,0.42,46.1,60.0,32.3
2022,11,Arkansas,0.0,475.0,4.51,49.8,60.5,39.0
2022,11,California,0.0,431.0,2.0,46.8,58.4,35.2
2022,11,Colorado,0.0,1003.0,0.9,31.6,45.1,18.0
2022,11,Connecticut,0.0,578.0,3.09,45.2,55.3,35.0
2022,11,Delaware,0.0,473.0,2.91,49.8,60.4,39.2
2022,11,Florida,253.0,27.0,3.74,69.7,78.6,60.8
2022,11,Georgia,14.0,312.0,3.96,57.5,68.6,46.3
2022,11,Hawaii,,,3.37,67.2,74.5,59.9
2022,11,Idaho,0.0,1072.0,2.91,26.4,36.2,16.6
2022,11,Illinois,0.0,694.0,1.82,43.0,53.3,32.6
2022,11,Indiana,0.0,661.0,1.6,43.1,53.4,32.8
2022,11,Iowa,0.0,825.0,2.04,37.1,47.8,26.4
2022,11,Kansas,0.0,683.0,1.49,41.1,54.3,27.9
2022,11,Kentucky,0.0,550.0,2.58,46.8,58.5,35.2
2022,11,Louisiana,36.0,206.0,6.74,58.2,68.6,47.7
2022,11,Maine,0.0,736.0,4.52,37.4,46.4,28.4
2022,11,Maryland,0.0,486.0,2.92,48.8,59.1,38.4
2022,11,Massachusetts,0.0,579.0,3.22,44.6,54.9,34.4
2022,11,Michigan,0.0,717.0,2.45,38.6,47.1,30.1
2022,11,Minnesota,0.0,998.0,1.81,30.0,38.0,22.1
2022,11,Mississippi,12.0,303.0,5.43,55.0,66.4,43.6
2022,11,Missouri,0.0,636.0,3.2,44.3,55.7,32.9
2022,11,Montana,0.0,1270.0,1.36,22.7,32.2,13.2
2022,11,Nebraska,0.0,861.0,0.31,34.6,48.3,20.8
2022,11,Nevada,0.0,609.0,1.0,34.3,46.4,22.3
2022,11,New Hampshire,0.0,730.0,3.58,39.5,50.1,28.9
2022,11,New Jersey,0.0,536.0,2.88,47.6,58.1,37.2
2022,11,New Mexico,0.0,729.0,0.37,40.1,54.5,25.6
2022,11,New York,0.0,595.0,3.87,41.0,49.9,32.0
2022,11,North Carolina,5.0,357.0,4.12,53.2,64.3,42.2
2022,11,North Dakota,0.0,1248.0,0.7,23.1,32.0,14.3
2022,11,Ohio,0.0,636.0,2.8,43.9,53.7,34.1
2022,11,Oklahoma,0.0,518.0,2.66,47.3,58.6,36.1
2022,11,Oregon,0.0,774.0,4.13,33.7,42.9,24.4
2022,11,Pennsylvania,0.0,616.0,3.9,42.8,52.6,33.0
2022,11,Rhode Island,0.0,549.0,3.08,46.8,56.7,36.9
2022,11,South Carolina,15.0,268.0,3.66,57.0,67.5,46.4
2022,11,South Dakota,0.0,1040.0,0.49,29.2,40.4,18.0
2022,11,Tennessee,0.0,478.0,3.52,49.0,60.6,37.4
2022,11,Texas,30.0,265.0,2.74,54.0,64.7,43.2
2022,11,Utah,0.0,1020.0,1.26,32.5,43.8,21.2
2022,11,Vermont,0.0,781.0,3.66,38.6,48.3,28.8
2022,11,Virginia,0.0,465.0,4.03,49.0,60.2,37.8
2022,11,Washington,0.0,828.0,6.13,32.1,39.2,24.9
2022,11,West Virginia,0.0,590.0,3.56,44.9,56.0,33.7
2022,11,Wisconsin,0.0,814.0,3.07,35.3,44.3,26.4
2022,11,Wyoming,0.0,1168.0,1.22,25.1,36.8,13.4
2022,12,Alabama,6.0,523.0,4.46,49.1,58.6,39.5
2022,12,Alaska,,,3.03,7.1,13.3,0.9
2022,12,Arizona,0.0,492.0,1.47,42.8,54.8,30.9
2022,12,Arkansas,0.0,704.0,5.18,43.2,51.9,34.5
2022,12,California,0.0,534.0,6.39,43.5,52.4,34.7
2022,12,Colorado,0.0,1211.0,1.58,25.7,38.3,13.2
2022,12,Connecticut,0.0,955.0,5.03,33.5,42.5,24.4
2022,12,Delaware,0.0,864.0,4.48,37.8,47.4,28.2
2022,12,Florida,111.0,134.0,1.93,61.5,71.7,51.2
2022,12,Georgia,3.0,584.0,3.14,49.1,59.5,38.7
2022,12,Hawaii,,,6.12,65.9,73.4,58.3
2022,12,Idaho,0.0,1247.0,3.62,22.8,30.4,15.2
2022,12,Illinois,0.0,1151.0,2.37,30.3,38.1,22.5
2022,12,Indiana,0.0,1045.0,2.28,31.7,38.9,24.5
2022,12,Iowa,0.0,1335.0,1.69,21.3,29.4,13.2
2022,12,Kansas,0.0,1049.0,0.74,30.6,42.7,18.6
2022,12,Kentucky,0.0,851.0,3.74,37.8,47.0,28.5
2022,12,Louisiana,22.0,321.0,6.9,54.1,63.4,44.8
2022,12,Maine,0.0,1070.0,5.53,27.6,34.5,20.6
2022,12,Maryland,0.0,883.0,4.46,36.5,46.3,26.8
2022,12,Massachusetts,0.0,949.0,5.39,33.1,42.1,24.2
2022,12,Michigan,0.0,1084.0,1.98,26.9,32.5,21.4
2022,12,Minnesota,0.0,1572.0,1.9,12.5,19.6,5.4
2022,12,Mississippi,10.0,462.0,6.29,50.1,59.4,40.7
2022,12,Missouri,0.0,1017.0,2.16,33.1,42.0,24.2
2022,12,Montana,0.0,1474.0,1.56,14.6,23.4,5.8
2022,12,Nebraska,0.0,1292.0,1.01,22.7,33.5,11.9
2022,12,Nevada,0.0,727.0,2.12,31.7,41.4,22.0
2022,12,New Hampshire,0.0,1106.0,5.96,28.3,36.4,20.1
2022,12,New Jersey,0.0,931.0,4.78,35.5,44.8,26.2
2022,12,New Mexico,0.0,840.0,0.63,37.2,50.5,23.8
2022,12,New York,0.0,981.0,4.25,29.0,36.4,21.5
2022,12,North Carolina,0.0,729.0,3.4,41.8,52.0,31.5
2022,12,North Dakota,0.0,1807.0,1.49,6.7,14.6,-1.3
2022,12,Ohio,0.0,1004.0,1.71,32.6,40.1,25.1
2022,12,Oklahoma,0.0,767.0,1.91,40.1,51.1,29.1
2022,12,Oregon,0.0,863.0,5.71,30.6,37.8,23.5
2022,12,Pennsylvania,0.0,1015.0,3.69,30.6,38.8,22.4
2022,12,Rhode Island,0.0,914.0,6.29,35.5,44.0,27.0
2022,12,South Carolina,2.0,600.0,3.31,46.1,56.1,36.0
2022,12,South Dakota,0.0,1514.0,1.42,15.1,24.4,5.7
2022,12,Tennessee,0.0,749.0,5.88,40.8,50.0,31.7
2022,12,Texas,15.0,386.0,1.36,50.0,61.1,38.9
2022,12,Utah,0.0,1180.0,1.78,28.2,37.5,19.0
2022,12,Vermont,0.0,1163.0,4.28,27.2,35.1,19.4
2022,12,Virginia,0.0,851.0,3.89,37.3,47.3,27.2
2022,12,Washington,0.0,986.0,6.98,26.3,31.8,20.8
2022,12,West Virginia,0.0,937.0,2.52,34.4,44.0,24.7
2022,12,Wisconsin,0.0,1317.0,2.13,19.2,26.0,12.3
2022,12,Wyoming,0.0,1369.0,1.34,19.6,30.2,8.9
2023,2,Alabama,30.0,296.0,4.4,56.5,67.4,45.6
2023,2,Alaska,,,2.43,6.0,13.4,-1.5
2023,2,Arizona,0.0,437.0,1.05,41.9,54.9,28.8
2023,2,Arkansas,5.0,482.0,4.81,48.8,58.8,38.8
2023,2,California,0.0,542.0,3.38,42.7,53.5,32.0
2023,2,Colorado,0.0,1107.0,1.07,24.9,38.2,11.6
2023,2,Connecticut,0.0,859.0,1.3,33.7,43.6,23.7
2023,2,Delaware,0.0,650.0,1.85,42.6,52.9,32.3
2023,2,Florida,186.0,60.0,1.85,67.4,79.0,55.8
2023,2,Georgia,26.0,298.0,3.53,58.1,69.9,46.4
2023,2,Hawaii,,,13.36,63.6,69.3,58.0
2023,2,Idaho,0.0,1057.0,1.61,23.6,33.8,13.4
2023,2,Illinois,0.0,900.0,2.83,36.3,46.7,25.9
2023,2,Indiana,0.0,763.0,3.1,38.3,49.3,27.3
2023,2,Iowa,0.0,1069.0,2.26,26.2,36.7,15.6
2023,2,Kansas,0.0,793.0,1.1,35.2,49.5,21.0
2023,2,Kentucky,5.0,548.0,4.06,45.7,56.6,34.8
2023,2,Louisiana,54.0,201.0,3.5,58.4,68.2,48.6
2023,2,Maine,0.0,1180.0,1.67,18.2,29.0,7.4
2023,2,Maryland,0.0,618.0,2.03,42.8,53.4,32.3
2023,2,Massachusetts,0.0,895.0,1.61,32.2,42.1,22.3
2023,2,Michigan,0.0,955.0,2.69,26.5,35.1,18.0
2023,2,Minnesota,0.0,1370.0,1.23,14.1,25.6,2.7
2023,2,Mississippi,32.0,285.0,5.13,55.6,66.2,44.9
2023,2,Missouri,0.0,734.0,2.94,39.9,51.6,28.2
2023,2,Montana,0.0,1166.0,1.02,23.3,33.7,12.9
2023,2,Nebraska,0.0,1015.0,0.69,26.9,38.2,15.6
2023,2,Nevada,0.0,659.0,0.9,30.8,41.8,19.9
2023,2,New Hampshire,0.0,1097.0,1.64,24.2,34.8,13.8
2023,2,New Jersey,0.0,744.0,1.52,39.1,49.5,28.7
2023,2,New Mexico,0.0,758.0,0.5,37.0,51.5,22.6
2023,2,New York,0.0,877.0,2.04,28.1,38.4,17.8
2023,2,North Carolina,8.0,387.0,3.33,51.2,62.0,40.5
2023,2,North Dakota,0.0,1439.0,0.29,14.5,25.2,3.9
2023,2,Ohio,0.0,745.0,2.33,38.6,49.4,27.7
2023,2,Oklahoma,1.0,583.0,2.49,44.0,56.7,31.2
2023,2,Oregon,0.0,768.0,2.23,32.3,42.0,22.7
2023,2,Pennsylvania,0.0,768.0,1.82,35.8,46.7,24.8
2023,2,Rhode Island,0.0,860.0,1.56,34.3,44.0,24.7
2023,2,South Carolina,24.0,278.0,3.85,56.2,67.5,44.9
2023,2,South Dakota,0.0,1235.0,0.71,22.0,33.2,10.8
2023,2,Tennessee,9.0,465.0,4.46,48.6,58.7,38.6
2023,2,Texas,29.0,300.0,1.25,52.1,64.7,39.4
2023,2,Utah,0.0,1108.0,1.19,26.5,37.4,15.6
2023,2,Vermont,0.0,1167.0,1.74,22.9,33.7,12.2
2023,2,Virginia,0.0,534.0,3.17,46.2,57.2,35.2
2023,2,Washington,0.0,778.0,3.33,32.4,39.7,25.0
2023,2,West Virginia,0.0,646.0,3.51,41.6,52.8,30.4
2023,2,Wisconsin,0.0,1122.0,2.41,21.7,31.6,11.8
2023,2,Wyoming,0.0,1229.0,1.09,19.7,31.2,8.2
2023,3,Alabama,43.0,270.0,5.39,58.7,71.2,46.2
2023,3,Alaska,,,2.37,13.6,22.8,4.5
2023,3,Arizona,11.0,345.0,2.09,47.2,59.2,35.2
2023,3,Arkansas,17.0,414.0,8.13,53.0,64.0,42.1
2023,3,California,0.0,566.0,7.42,44.2,53.4,34.9
2023,3,Colorado,0.0,1064.0,1.89,30.4,43.0,17.7
2023,3,Connecticut,0.0,791.0,3.74,38.8,48.0,29.6
2023,3,Delaware,0.0,620.0,1.8,45.4,55.9,35.0
2023,3,Florida,221.0,32.0,2.27,69.1,80.9,57.3
2023,3,Georgia,33.0,298.0,4.61,59.4,71.9,46.9
2023,3,Hawaii,,,7.1,65.7,72.5,55.1
2023,3,Idaho,0.0,1031.0,3.3,27.5,37.3,17.8
2023,3,Illinois,0.0,828.0,4.34,40.9,50.2,31.6
2023,3,Indiana,1.0,761.0,5.78,40.9,50.7,31.2
2023,3,Iowa,0.0,943.0,1.46,34.0,43.1,24.8
2023,3,Kansas,1.0,673.0,0.57,42.1,54.5,29.6
2023,3,Kentucky,9.0,564.0,5.03,47.3,58.8,35.7
2023,3,Louisiana,102.0,120.0,3.28,63.6,74.3,52.9
2023,3,Maine,0.0,985.0,2.3,30.2,39.0,21.5
2023,3,Maryland,0.0,612.0,1.85,45.1,55.7,34.5
2023,3,Massachusetts,0.0,821.0,4.19,37.6,46.5,28.6
2023,3,Michigan,0.0,922.0,2.81,31.4,40.3,22.5
2023,3,Minnesota,0.0,1283.0,1.6,21.2,32.0,10.5
2023,3,Mississippi,61.0,217.0,5.33,59.6,71.7,47.6
2023,3,Missouri,3.0,684.0,4.89,43.8,54.2,33.4
2023,3,Montana,0.0,1239.0,1.28,23.3,33.6,13.1
2023,3,Nebraska,0.0,913.0,0.69,33.6,44.6,22.5
2023,3,Nevada,0.0,631.0,2.32,33.6,43.6,23.7
2023,3,New Hampshire,0.0,969.0,3.45,32.3,41.0,23.7
2023,3,New Jersey,0.0,720.0,2.57,42.3,52.3,32.3
2023,3,New Mexico,0.0,620.0,0.75,43.9,58.2,29.6
2023,3,New York,0.0,838.0,3.21,32.6,41.2,24.0
2023,3,North Carolina,13.0,399.0,2.99,52.2,64.1,40.3
2023,3,North Dakota,0.0,1592.0,1.1,14.0,24.2,3.8
2023,3,Ohio,0.0,766.0,4.17,40.6,50.6,30.6
2023,3,Oklahoma,11.0,465.0,3.09,50.4,62.4,38.4
2023,3,Oregon,0.0,810.0,4.74,33.2,42.2,24.3
2023,3,Pennsylvania,0.0,782.0,3.07,37.8,47.6,27.9
2023,3,Rhode Island,0.0,784.0,4.19,39.7,48.3,31.1
2023,3,South Carolina,30.0,284.0,3.05,57.1,69.1,45.0
2023,3,South Dakota,0.0,1246.0,1.11,23.9,33.4,14.5
2023,3,Tennessee,13.0,460.0,5.71,50.5,62.1,39.0
2023,3,Texas,103.0,155.0,1.33,60.4,72.9,48.0
2023,3,Utah,0.0,1088.0,2.92,32.3,42.2,22.3
2023,3,Vermont,0.0,1068.0,3.33,30.2,38.8,21.7
2023,3,Virginia,3.0,547.0,1.86,47.4,59.3,35.4
2023,3,Washington,0.0,745.0,3.31,36.6,45.6,27.7
2023,3,West Virginia,0.0,666.0,2.69,43.0,54.6,31.4
2023,3,Wisconsin,0.0,1037.0,2.44,28.7,38.4,19.1
2023,3,Wyoming,0.0,1247.0,1.29,23.5,35.1,11.9
2023,4,Alabama,48.0,123.0,5.42,63.3,75.4,51.1
2023,4,Alaska,,,1.97,16.8,26.3,7.3
2023,4,Arizona,115.0,100.0,0.02,58.4,74.8,41.9
2023,4,Arkansas,24.0,180.0,5.37,60.3,71.9,48.7
2023,4,California,10.0,288.0,0.51,55.3,68.3,42.2
2023,4,Colorado,0.0,704.0,1.29,41.2,56.1,26.3
2023,4,Connecticut,0.0,408.0,4.86,51.0,62.5,39.6
2023,4,Delaware,10.0,222.0,5.62,58.4,69.8,47.0
2023,4,Florida,304.0,3.0,4.59,73.2,84.0,62.4
2023,4,Georgia,37.0,139.0,5.04,64.1,76.9,51.3
2023,4,Hawaii,,,5.73,65.2,72.1,58.2
2023,4,Idaho,0.0,670.0,1.8,38.6,50.6,26.5
2023,4,Illinois,2.0,415.0,2.55,53.4,66.6,40.2
2023,4,Indiana,1.0,381.0,2.78,52.7,65.6,39.8
2023,4,Iowa,0.0,466.0,2.14,49.3,62.3,36.4
2023,4,Kansas,13.0,289.0,1.32,54.6,70.3,38.9
2023,4,Kentucky,11.0,261.0,3.43,56.8,70.2,43.4
2023,4,Louisiana,112.0,45.0,6.33,66.1,76.0,56.2
2023,4,Maine,0.0,634.0,2.49,41.7,52.2,31.2
2023,4,Maryland,13.0,214.0,3.93,58.0,70.5,45.5
2023,4,Massachusetts,0.0,443.0,3.67,49.8,60.9,38.8
2023,4,Michigan,0.0,498.0,3.99,44.9,55.7,34.2
2023,4,Minnesota,0.0,744.0,2.58,38.3,48.2,28.4
2023,4,Mississippi,68.0,93.0,6.75,63.9,75.0,52.8
2023,4,Missouri,11.0,290.0,1.75,56.2,69.6,42.7
2023,4,Montana,0.0,798.0,1.18,39.2,51.0,27.2
2023,4,Nebraska,4.0,435.0,0.71,48.2,63.5,32.8
2023,4,Nevada,52.0,263.0,0.33,46.6,60.7,32.6
2023,4,New Hampshire,0.0,562.0,3.67,45.0,56.1,33.9
2023,4,New Jersey,2.0,304.0,5.6,55.4,67.3,43.5
2023,4,New Mexico,6.0,356.0,0.11,52.0,69.4,34.7
2023,4,New York,0.0,408.0,3.91,48.0,60.2,35.8
2023,4,North Carolina,21.0,159.0,5.7,60.3,72.6,47.9
2023,4,North Dakota,0.0,920.0,0.96,34.7,44.6,24.8
2023,4,Ohio,0.0,392.0,3.2,52.2,64.9,39.6
2023,4,Oklahoma,23.0,203.0,2.36,58.7,72.4,44.9
2023,4,Oregon,0.0,569.0,3.45,42.8,53.8,31.8
2023,4,Pennsylvania,0.0,351.0,3.29,51.7,64.9,38.5
2023,4,Rhode Island,0.0,429.0,3.99,50.7,60.8,40.7
2023,4,South Carolina,45.0,102.0,5.11,63.4,76.0,50.8
2023,4,South Dakota,0.0,674.0,1.22,41.3,54.0,28.7
2023,4,Tennessee,13.0,225.0,4.02,57.8,70.3,45.4
2023,4,Texas,107.0,67.0,2.68,64.7,77.7,51.7
2023,4,Utah,1.0,711.0,0.71,44.4,57.8,30.8
2023,4,Vermont,0.0,580.0,3.76,45.1,56.7,33.5
2023,4,Virginia,13.0,212.0,4.56,57.7,71.2,44.2
2023,4,Washington,0.0,572.0,4.19,43.2,52.9,33.5
2023,4,West Virginia,3.0,323.0,3.19,53.9,68.5,39.2
2023,4,Wisconsin,0.0,572.0,4.04,43.4,54.1,32.6
2023,4,Wyoming,0.0,835.0,1.36,36.1,48.8,23.4
2023,5,Alabama,176.0,27.0,3.7,70.3,81.3,59.2
2023,5,Alaska,,,2.87,39.8,47.6,31.9
2023,5,Arizona,284.0,24.0,0.46,66.5,82.3,50.8
2023,5,Arkansas,168.0,29.0,3.84,70.0,81.2,58.9
2023,5,California,27.0,186.0,0.99,62.0,74.5,49.6
2023,5,Colorado,3.0,336.0,2.71,54.4,68.0,40.8
2023,5,Connecticut,7.0,247.0,3.18,56.9,70.0,43.8
2023,5,Delaware,29.0,141.0,2.15,61.4,72.6,50.2
2023,5,Florida,375.0,0.0,4.26,76.2,86.9,65.4
2023,5,Georgia,130.0,44.0,3.33,69.6,80.4,58.8
2023,5,Hawaii,,,5.02,65.7,72.6,58.8
2023,5,Idaho,29.0,225.0,2.03,54.3,67.5,41.0
2023,5,Illinois,75.0,170.0,2.48,64.2,76.5,51.8
2023,5,Indiana,66.0,170.0,2.56,62.0,74.5,49.4
2023,5,Iowa,85.0,155.0,2.67,62.7,75.7,49.8
2023,5,Kansas,125.0,78.0,3.61,65.8,78.6,53.1
2023,5,Kentucky,85.0,116.0,3.28,64.1,75.6,52.5
2023,5,Louisiana,329.0,0.0,3.34,74.9,85.1,64.7
2023,5,Maine,0.0,370.0,4.12,51.3,64.4,38.2
2023,5,Maryland,31.0,151.0,1.84,60.9,72.5,49.3
2023,5,Massachusetts,4.0,262.0,3.17,56.3,69.5,43.0
2023,5,Michigan,28.0,268.0,1.76,55.0,68.5,41.6
2023,5,Minnesota,46.0,222.0,2.18,59.3,72.4,46.2
2023,5,Mississippi,244.0,7.0,3.1,72.5,83.7,61.4
2023,5,Missouri,116.0,91.0,2.84,66.1,78.2,53.9
2023,5,Montana,8.0,334.0,2.78,56.3,69.3,43.3
2023,5,Nebraska,107.0,128.0,4.44,62.0,75.3,48.7
2023,5,Nevada,181.0,92.0,1.15,57.3,70.9,43.7
2023,5,New Hampshire,0.0,342.0,3.95,52.9,66.9,38.8
2023,5,New Jersey,14.0,200.0,1.99,59.3,71.8,46.9
2023,5,New Mexico,73.0,115.0,1.45,62.3,78.1,46.4
2023,5,New York,9.0,260.0,2.34,53.9,67.2,40.6
2023,5,North Carolina,72.0,89.0,3.2,64.2,74.7,53.6
2023,5,North Dakota,58.0,202.0,2.75,60.0,73.5,46.5
2023,5,Ohio,38.0,219.0,2.29,59.3,71.8,46.9
2023,5,Oklahoma,155.0,30.0,4.15,69.1,80.5,57.7
2023,5,Oregon,11.0,228.0,1.6,55.3,67.9,42.6
2023,5,Pennsylvania,16.0,243.0,1.75,56.2,70.0,42.3
2023,5,Rhode Island,0.0,277.0,3.7,56.2,68.4,44.0
2023,5,South Carolina,115.0,45.0,3.5,67.4,77.9,56.8
2023,5,South Dakota,70.0,188.0,2.97,61.2,74.9,47.4
2023,5,Tennessee,111.0,75.0,3.99,66.1,77.1,55.0
2023,5,Texas,315.0,1.0,4.28,73.8,85.1,62.4
2023,5,Utah,23.0,297.0,0.79,57.8,71.4,44.2
2023,5,Vermont,0.0,403.0,2.45,51.7,65.9,37.5
2023,5,Virginia,37.0,144.0,3.16,61.4,72.5,50.2
2023,5,Washington,17.0,192.0,1.27,58.2,70.3,46.2
2023,5,West Virginia,28.0,214.0,3.65,58.4,70.9,45.8
2023,5,Wisconsin,28.0,272.0,1.61,56.8,69.7,43.8
2023,5,Wyoming,8.0,361.0,1.96,52.9,66.4,39.5
2023,6,Alabama,335.0,0.0,5.66,76.6,87.7,65.6
2023,6,Alaska,,,2.98,49.9,57.7,42.0
2023,6,Arizona,428.0,5.0,0.09,72.4,89.0,55.8
2023,6,Arkansas,357.0,1.0,4.09,77.3,88.6,65.9
2023,6,California,58.0,93.0,0.41,67.0,80.2,53.7
2023,6,Colorado,27.0,177.0,2.8,59.9,73.6,46.1
2023,6,Connecticut,64.0,43.0,2.55,65.4,75.7,55.0
2023,6,Delaware,148.0,10.0,4.29,70.1,80.9,59.3
2023,6,Florida,485.0,0.0,8.83,80.6,90.3,70.8
2023,6,Georgia,265.0,4.0,6.29,75.8,86.6,65.0
2023,6,Hawaii,,,3.15,67.4,74.6,60.1
2023,6,Idaho,52.0,149.0,2.18,57.2,70.0,44.3
2023,6,Illinois,171.0,28.0,1.89,71.5,84.4,58.6
2023,6,Indiana,151.0,29.0,2.55,69.2,81.6,56.8
2023,6,Iowa,204.0,22.0,2.81,71.3,83.8,58.8
2023,6,Kansas,293.0,10.0,4.01,73.4,85.8,60.9
2023,6,Kentucky,175.0,16.0,4.06,70.3,82.2,58.4
2023,6,Louisiana,524.0,0.0,3.46,82.0,92.3,71.8
2023,6,Maine,8.0,147.0,6.43,59.9,69.1,50.7
2023,6,Maryland,148.0,13.0,3.29,69.2,80.2,58.1
2023,6,Massachusetts,53.0,60.0,4.65,64.5,74.4,54.6
2023,6,Michigan,103.0,56.0,2.0,64.8,77.4,52.2
2023,6,Minnesota,162.0,37.0,2.43,68.9,81.0,56.8
2023,6,Mississippi,431.0,0.0,5.17,79.3,90.3,68.3
2023,6,Missouri,268.0,8.0,1.89,73.9,86.7,61.1
2023,6,Montana,23.0,241.0,3.96,60.4,72.4,48.4
2023,6,Nebraska,248.0,22.0,3.42,69.8,82.5,56.9
2023,6,Nevada,273.0,41.0,0.95,61.9,75.8,48.1
2023,6,New Hampshire,27.0,92.0,6.37,61.9,71.7,52.1
2023,6,New Jersey,98.0,26.0,3.91,67.8,78.9,56.7
2023,6,New Mexico,218.0,31.0,1.02,69.6,86.1,53.1
2023,6,New York,70.0,48.0,3.98,63.1,73.8,52.5
2023,6,North Carolina,198.0,12.0,4.57,70.8,81.4,60.2
2023,6,North Dakota,179.0,44.0,3.66,69.2,81.5,56.9
2023,6,Ohio,104.0,49.0,3.29,66.9,78.5,55.3
2023,6,Oklahoma,364.0,0.0,4.45,76.7,88.4,64.9
2023,6,Oregon,22.0,137.0,0.96,59.2,73.0,45.5
2023,6,Pennsylvania,77.0,51.0,4.13,64.4,76.3,52.6
2023,6,Rhode Island,46.0,61.0,3.84,64.5,73.4,55.6
2023,6,South Carolina,273.0,2.0,5.94,74.2,84.4,64.0
2023,6,South Dakota,199.0,53.0,4.18,69.7,82.2,57.2
2023,6,Tennessee,219.0,9.0,3.88,72.0,83.5,60.4
2023,6,Texas,548.0,0.0,1.99,82.3,94.8,69.9
2023,6,Utah,51.0,188.0,0.84,62.8,76.8,48.8
2023,6,Vermont,19.0,111.0,5.69,61.7,72.1,51.2
2023,6,Virginia,133.0,23.0,4.13,67.9,79.2,56.6
2023,6,Washington,23.0,150.0,0.9,60.7,73.2,48.3
2023,6,West Virginia,78.0,61.0,3.17,64.8,76.9,52.7
2023,6,Wisconsin,115.0,61.0,1.89,66.6,79.7,53.5
2023,6,Wyoming,27.0,237.0,3.83,57.2,69.4,45.0
2023,7,Alabama,483.0,0.0,5.61,81.0,91.4,70.7
2023,7,Alaska,,,3.48,56.1,64.0,48.2
2023,7,Arizona,844.0,0.0,0.52,85.4,101.1,69.7
2023,7,Arkansas,488.0,0.0,5.03,81.0,91.2,70.8
2023,7,California,327.0,0.0,0.02,79.0,94.0,63.9
2023,7,Colorado,130.0,15.0,1.62,69.4,84.9,53.8
2023,7,Connecticut,315.0,0.0,10.56,74.8,84.4,65.1
2023,7,Delaware,408.0,0.0,6.0,78.3,87.3,69.4
2023,7,Florida,600.0,0.0,6.91,84.1,93.4,74.9
2023,7,Georgia,460.0,0.0,4.59,81.6,92.0,71.1
2023,7,Hawaii,,,3.61,69.5,77.0,62.0
2023,7,Idaho,265.0,15.0,0.18,68.6,85.2,52.1
2023,7,Illinois,274.0,5.0,4.75,75.3,86.0,64.6
2023,7,Indiana,279.0,2.0,5.24,74.2,85.0,63.4
2023,7,Iowa,237.0,14.0,3.09,72.0,83.2,60.7
2023,7,Kansas,429.0,1.0,4.41,78.3,90.7,65.8
2023,7,Kentucky,363.0,0.0,5.84,76.8,87.0,66.5
2023,7,Louisiana,622.0,0.0,3.47,84.9,95.0,74.7
2023,7,Maine,182.0,7.0,5.51,69.9,79.4,60.4
2023,7,Maryland,415.0,0.0,5.12,78.1,87.9,68.2
2023,7,Massachusetts,291.0,0.0,9.11,73.9,83.2,64.6
2023,7,Michigan,206.0,8.0,4.9,68.5,79.8,57.1
2023,7,Minnesota,147.0,36.0,2.02,67.3,79.4,55.2
2023,7,Mississippi,555.0,0.0,4.86,82.9,93.2,72.6
2023,7,Missouri,394.0,1.0,4.45,77.9,89.2,66.7
2023,7,Montana,97.0,72.0,0.77,67.4,82.8,51.9
2023,7,Nebraska,288.0,14.0,4.14,72.8,85.5,60.2
2023,7,Nevada,686.0,0.0,0.15,76.3,93.0,59.6
2023,7,New Hampshire,206.0,1.0,8.94,70.5,80.4,60.6
2023,7,New Jersey,364.0,0.0,6.36,77.2,87.0,67.4
2023,7,New Mexico,472.0,0.0,0.91,78.6,94.9,62.3
2023,7,New York,296.0,2.0,6.63,70.7,80.9,60.5
2023,7,North Carolina,434.0,0.0,4.77,78.6,88.5,68.6
2023,7,North Dakota,128.0,64.0,1.41,67.2,80.2,54.2
2023,7,Ohio,262.0,1.0,5.22,73.5,83.8,63.3
2023,7,Oklahoma,525.0,0.0,5.77,81.9,93.6,70.1
2023,7,Oregon,132.0,23.0,0.05,68.9,85.4,52.5
2023,7,Pennsylvania,287.0,1.0,6.39,72.3,82.8,61.7
2023,7,Rhode Island,288.0,0.0,7.72,74.3,82.6,65.9
2023,7,South Carolina,501.0,0.0,4.92,81.4,91.4,71.4
2023,7,South Dakota,202.0,37.0,2.56,70.8,84.1,57.4
2023,7,Tennessee,386.0,0.0,5.69,77.3,87.5,67.1
2023,7,Texas,684.0,0.0,1.29,86.3,98.9,73.7
2023,7,Utah,272.0,14.0,0.44,75.8,91.4,60.2
2023,7,Vermont,164.0,10.0,9.72,69.7,80.0,59.4
2023,7,Virginia,394.0,0.0,4.94,76.7,87.1,66.3
2023,7,Washington,103.0,45.0,0.32,67.5,81.8,53.2
2023,7,West Virginia,273.0,1.0,5.42,73.0,84.0,62.1
2023,7,Wisconsin,187.0,19.0,3.87,68.5,80.7,56.4
2023,7,Wyoming,108.0,52.0,1.26,66.2,81.7,50.8
2023,8,Alabama,506.0,0.0,4.0,82.1,93.5,70.7
2023,8,Alaska,,,4.76,53.2,60.0,46.5
2023,8,Arizona,719.0,0.0,1.83,80.7,94.4,67.0
2023,8,Arkansas,507.0,0.0,3.13,81.7,92.8,70.6
2023,8,California,274.0,0.0,0.75,75.9,89.8,61.9
2023,8,Colorado,108.0,25.0,2.02,67.7,82.4,53.0
2023,8,Connecticut,169.0,8.0,4.72,69.5,78.8,60.2
2023,8,Delaware,313.0,0.0,2.52,75.3,83.8,66.8
2023,8,Florida,617.0,0.0,6.09,84.9,94.3,75.5
2023,8,Georgia,454.0,0.0,6.35,81.7,92.5,70.8
2023,8,Hawaii,,,2.71,69.8,77.6,62.0
2023,8,Idaho,184.0,31.0,2.12,65.8,80.2,51.5
2023,8,Illinois,237.0,12.0,4.01,73.5,83.8,63.3
2023,8,Indiana,214.0,14.0,3.84,71.8,82.3,61.3
2023,8,Iowa,248.0,15.0,3.04,72.5,83.5,61.5
2023,8,Kansas,452.0,1.0,2.89,78.8,92.6,65.1
2023,8,Kentucky,305.0,0.0,4.64,74.8,84.8,64.7
2023,8,Louisiana,711.0,0.0,1.27,87.9,99.8,76.0
2023,8,Maine,69.0,62.0,6.8,63.4,72.6,54.1
2023,8,Maryland,315.0,0.0,2.97,75.0,84.6,65.3
2023,8,Massachusetts,144.0,16.0,5.45,68.5,78.0,59.0
2023,8,Michigan,130.0,38.0,3.81,65.7,76.4,55.0
2023,8,Minnesota,152.0,35.0,2.31,67.9,79.3,56.5
2023,8,Mississippi,610.0,0.0,1.94,84.6,96.2,72.9
2023,8,Missouri,349.0,5.0,6.01,76.5,86.8,66.2
2023,8,Montana,83.0,87.0,1.74,66.8,81.2,52.4
2023,8,Nebraska,316.0,9.0,2.75,73.8,87.0,60.6
2023,8,Nevada,492.0,4.0,1.85,71.0,85.5,56.6
2023,8,New Hampshire,76.0,58.0,5.83,64.5,74.4,54.6
2023,8,New Jersey,241.0,3.0,4.13,73.2,82.6,63.7
2023,8,New Mexico,350.0,2.0,1.69,75.1,89.7,60.4
2023,8,New York,169.0,18.0,5.61,65.8,75.3,56.3
2023,8,North Carolina,393.0,0.0,6.1,77.3,87.4,67.3
2023,8,North Dakota,140.0,50.0,2.4,67.9,80.1,55.7
2023,8,Ohio,184.0,14.0,4.75,70.6,80.8,60.3
2023,8,Oklahoma,580.0,0.0,2.32,83.7,97.1,70.3
2023,8,Oregon,163.0,15.0,0.92,67.7,82.2,53.3
2023,8,Pennsylvania,193.0,12.0,5.1,68.8,79.0,58.7
2023,8,Rhode Island,155.0,12.0,4.45,69.6,78.0,61.1
2023,8,South Carolina,483.0,0.0,6.96,80.8,90.8,70.8
2023,8,South Dakota,227.0,21.0,3.56,71.6,84.6,58.6
2023,8,Tennessee,350.0,0.0,6.57,76.2,86.1,66.2
2023,8,Texas,747.0,0.0,0.93,87.5,101.1,73.9
2023,8,Utah,157.0,35.0,2.02,70.9,84.4,57.4
2023,8,Vermont,58.0,81.0,6.18,64.0,73.8,54.0
2023,8,Virginia,316.0,0.0,3.67,74.3,84.6,64.0
2023,8,Washington,117.0,30.0,0.92,67.6,80.6,54.6
2023,8,West Virginia,202.0,6.0,4.82,70.6,81.0,60.2
2023,8,Wisconsin,162.0,32.0,2.44,67.7,79.1,56.2
2023,8,Wyoming,84.0,68.0,1.88,64.8,79.1,50.4
2023,9,Alabama,307.0,3.0,2.07,75.7,87.2,64.1
2023,9,Alaska,,,5.29,40.8,46.8,34.7
2023,9,Arizona,484.0,3.0,1.18,73.6,88.6,58.7
2023,9,Arkansas,291.0,7.0,2.56,74.8,87.0,62.6
2023,9,California,105.0,39.0,0.61,68.1,80.9,55.3
2023,9,Colorado,30.0,158.0,1.11,60.5,76.2,44.8
2023,9,Connecticut,69.0,51.0,10.49,65.1,74.3,55.9
2023,9,Delaware,143.0,16.0,5.79,69.5,78.4,60.6
2023,9,Florida,490.0,0.0,6.06,80.5,89.9,71.0
2023,9,Georgia,239.0,5.0,2.89,74.6,85.6,63.6
2023,9,Hawaii,,,2.1,69.4,77.4,61.5
2023,9,Idaho,44.0,182.0,1.38,56.6,70.3,42.9
2023,9,Illinois,110.0,50.0,2.4,68.3,79.8,56.8
2023,9,Indiana,109.0,56.0,1.36,67.1,79.0,55.1
2023,9,Iowa,123.0,54.0,2.14,67.2,79.6,54.8
2023,9,Kansas,258.0,19.0,1.63,72.4,87.2,57.5
2023,9,Kentucky,169.0,29.0,1.79,69.6,81.7,57.6
2023,9,Louisiana,485.0,0.0,2.8,80.7,92.2,69.1
2023,9,Maine,30.0,103.0,5.07,60.9,71.1,50.8
2023,9,Maryland,154.0,18.0,4.45,69.3,79.0,59.6
2023,9,Massachusetts,63.0,54.0,6.98,64.6,73.7,55.4
2023,9,Michigan,59.0,88.0,1.67,62.1,72.3,51.9
2023,9,Minnesota,74.0,94.0,3.21,63.5,74.2,52.8
2023,9,Mississippi,387.0,1.0,1.51,77.8,89.9,65.6
2023,9,Missouri,186.0,31.0,1.95,70.4,83.1,57.7
2023,9,Montana,24.0,282.0,1.75,58.5,72.0,45.0
2023,9,Nebraska,169.0,46.0,2.25,67.2,82.1,52.4
2023,9,Nevada,255.0,39.0,1.33,62.0,76.4,47.6
2023,9,New Hampshire,32.0,106.0,4.51,61.7,71.6,51.8
2023,9,New Jersey,109.0,33.0,7.75,68.0,77.3,58.8
2023,9,New Mexico,174.0,31.0,1.45,68.8,84.2,53.5
2023,9,New York,75.0,63.0,3.16,61.7,71.7,51.7
2023,9,North Carolina,189.0,11.0,3.53,70.8,80.9,60.6
2023,9,North Dakota,60.0,147.0,2.32,61.9,74.7,49.1
2023,9,Ohio,90.0,66.0,0.97,65.9,76.6,55.1
2023,9,Oklahoma,356.0,7.0,2.74,76.7,89.9,63.4
2023,9,Oregon,20.0,156.0,1.53,57.7,70.8,44.6
2023,9,Pennsylvania,75.0,66.0,3.62,63.6,73.8,53.4
2023,9,Rhode Island,70.0,46.0,7.55,65.8,74.2,57.4
2023,9,South Carolina,254.0,1.0,2.74,73.4,84.0,62.9
2023,9,South Dakota,108.0,100.0,2.26,64.8,78.5,51.2
2023,9,Tennessee,197.0,17.0,1.44,70.9,82.7,59.1
2023,9,Texas,555.0,0.0,2.12,81.8,94.6,69.0
2023,9,Utah,42.0,176.0,1.18,62.5,76.4,48.5
2023,9,Vermont,24.0,139.0,3.21,61.0,71.3,50.6
2023,9,Virginia,148.0,26.0,4.01,68.4,78.8,58.0
2023,9,Washington,15.0,180.0,2.26,58.3,69.5,47.0
2023,9,West Virginia,93.0,59.0,2.7,65.5,76.1,54.8
2023,9,Wisconsin,67.0,84.0,3.54,63.2,73.1,53.3
2023,9,Wyoming,29.0,229.0,1.53,57.4,72.2,42.6
2023,10,Alabama,91.0,99.0,1.45,65.2,77.7,52.7
2023,10,Alaska,,,3.93,28.0,34.0,21.8
2023,10,Arizona,247.0,29.0,0.19,64.4,79.9,48.9
2023,10,Arkansas,71.0,120.0,4.58,64.0,75.7,52.2
2023,10,California,59.0,95.0,0.44,62.2,75.2,49.1
2023,10,Colorado,0.0,541.0,1.05,47.8,63.0,32.6
2023,10,Connecticut,7.0,270.0,3.39,56.1,66.0,46.2
2023,10,Delaware,23.0,200.0,1.41,59.6,70.4,48.8
2023,10,Florida,328.0,4.0,2.71,73.4,83.5,63.4
2023,10,Georgia,63.0,116.0,2.04,64.9,77.4,52.5
2023,10,Hawaii,,,1.6,69.0,77.6,60.5
2023,10,Idaho,0.0,492.0,1.45,45.9,57.6,34.3
2023,10,Illinois,12.0,323.0,3.3,56.6,67.4,45.9
2023,10,Indiana,15.0,291.0,3.51,56.4,67.1,45.6
2023,10,Iowa,10.0,364.0,3.24,53.4,64.2,42.6
2023,10,Kansas,30.0,216.0,1.86,58.0,71.6,44.4
2023,10,Kentucky,31.0,208.0,2.33,59.3,71.0,47.7
2023,10,Louisiana,186.0,27.0,1.34,69.7,81.4,57.9
2023,10,Maine,0.0,358.0,5.12,51.6,59.9,43.4
2023,10,Maryland,26.0,196.0,1.47,59.4,70.3,48.5
2023,10,Massachusetts,7.0,264.0,3.27,56.0,65.7,46.3
2023,10,Michigan,6.0,380.0,3.9,50.6,58.4,42.8
2023,10,Minnesota,1.0,507.0,3.08,47.5,56.5,38.6
2023,10,Mississippi,122.0,68.0,0.89,66.8,79.8,53.8
2023,10,Missouri,26.0,229.0,2.99,58.8,70.6,46.9
2023,10,Montana,0.0,703.0,1.67,42.3,53.5,31.2
2023,10,Nebraska,8.0,359.0,2.43,51.2,64.2,38.1
2023,10,Nevada,102.0,153.0,0.53,52.3,66.5,38.1
2023,10,New Hampshire,0.0,362.0,3.76,52.3,61.4,43.2
2023,10,New Jersey,16.0,229.0,2.0,58.4,68.9,48.0
2023,10,New Mexico,16.0,219.0,0.61,57.3,73.4,41.3
2023,10,New York,9.0,274.0,4.06,53.0,61.8,44.3
2023,10,North Carolina,40.0,162.0,1.19,60.9,73.0,48.7
2023,10,North Dakota,0.0,651.0,1.57,43.7,54.0,33.3
2023,10,Ohio,11.0,297.0,3.24,55.8,65.9,45.8
2023,10,Oklahoma,57.0,136.0,4.04,62.5,75.2,49.9
2023,10,Oregon,0.0,360.0,2.1,50.0,61.6,38.3
2023,10,Pennsylvania,8.0,302.0,3.22,54.2,64.0,44.3
2023,10,Rhode Island,7.0,261.0,3.42,56.8,66.3,47.4
2023,10,South Carolina,67.0,111.0,1.9,63.7,76.1,51.4
2023,10,South Dakota,0.0,521.0,2.59,47.3,59.0,35.6
2023,10,Tennessee,46.0,171.0,1.16,60.9,73.2,48.6
2023,10,Texas,194.0,31.0,3.75,68.4,80.3,56.5
2023,10,Utah,3.0,506.0,0.71,51.0,64.8,37.1
2023,10,Vermont,0.0,402.0,4.9,51.7,60.4,43.0
2023,10,Virginia,26.0,203.0,1.24,58.7,70.9,46.5
2023,10,Washington,0.0,410.0,2.63,49.1,58.7,39.5
2023,10,West Virginia,14.0,285.0,2.31,55.6,67.0,44.3
2023,10,Wisconsin,4.0,429.0,4.16,49.4,58.3,40.5
2023,10,Wyoming,0.0,657.0,1.9,43.1,56.3,29.9
2023,11,Alabama,9.0,334.0,2.77,54.5,66.4,42.7
2023,11,Alaska,,,4.71,20.4,26.2,14.6
2023,11,Arizona,43.0,185.0,0.47,52.6,66.4,38.7
2023,11,Arkansas,1.0,416.0,2.15,51.7,63.0,40.4
2023,11,California,6.0,290.0,1.31,51.9,63.5,40.3
2023,11,Colorado,0.0,828.0,0.59,37.0,51.2,22.7
2023,11,Connecticut,0.0,740.0,2.15,39.6,49.5,29.7
2023,11,Delaware,0.0,595.0,2.44,45.8,56.7,34.8
2023,11,Florida,190.0,49.0,3.73,66.7,76.3,57.0
2023,11,Georgia,7.0,346.0,1.81,55.7,67.6,43.9
2023,11,Hawaii,,,7.02,67.3,74.4,60.2
2023,11,Idaho,0.0,842.0,1.99,34.3,43.5,25.2
2023,11,Illinois,0.0,721.0,0.72,42.9,54.0,31.8
2023,11,Indiana,0.0,670.0,0.78,43.0,54.3,31.7
2023,11,Iowa,0.0,782.0,0.31,38.9,50.8,27.0
2023,11,Kansas,0.0,583.0,0.97,45.2,59.3,31.0
2023,11,Kentucky,0.0,528.0,1.55,47.4,59.8,35.1
2023,11,Louisiana,33.0,210.0,2.53,58.2,68.4,48.0
2023,11,Maine,0.0,919.0,2.54,31.7,39.7,23.7
2023,11,Maryland,0.0,591.0,2.57,45.2,56.4,34.1
2023,11,Massachusetts,0.0,760.0,1.97,38.7,48.5,28.9
2023,11,Michigan,0.0,787.0,1.73,36.3,44.8,27.9
2023,11,Minnesota,0.0,943.0,0.44,32.4,41.9,23.0
2023,11,Mississippi,14.0,292.0,2.51,55.5,67.2,43.8
2023,11,Missouri,0.0,584.0,0.8,46.2,58.3,34.0
2023,11,Montana,0.0,931.0,0.85,34.5,44.8,24.2
2023,11,Nebraska,0.0,698.0,0.62,40.8,55.0,26.6
2023,11,Nevada,5.0,438.0,0.59,40.6,53.3,28.0
2023,11,New Hampshire,0.0,906.0,2.33,33.7,42.5,24.8
2023,11,New Jersey,0.0,664.0,2.7,43.3,54.2,32.5
2023,11,New Mexico,0.0,568.0,0.56,45.3,59.9,30.8
2023,11,New York,0.0,732.0,2.44,36.1,44.6,27.7
2023,11,North Carolina,0.0,444.0,2.23,50.2,62.4,38.0
2023,11,North Dakota,0.0,1024.0,0.12,31.1,40.9,21.2
2023,11,Ohio,0.0,686.0,1.6,42.1,53.2,31.0
2023,11,Oklahoma,1.0,411.0,1.07,51.0,64.2,37.8
2023,11,Oregon,0.0,628.0,3.27,39.9,48.6,31.1
2023,11,Pennsylvania,0.0,725.0,2.22,39.6,50.0,29.2
2023,11,Rhode Island,0.0,720.0,2.21,41.0,50.7,31.2
2023,11,South Carolina,6.0,338.0,2.21,54.2,66.0,42.4
2023,11,South Dakota,0.0,832.0,0.19,37.0,50.2,23.8
2023,11,Tennessee,0.0,451.0,1.93,50.0,62.2,37.6
2023,11,Texas,34.0,226.0,1.25,56.5,67.5,45.5
2023,11,Utah,0.0,821.0,0.83,38.9,50.6,27.2
2023,11,Vermont,0.0,952.0,2.36,32.9,41.0,24.9
2023,11,Virginia,0.0,565.0,2.31,45.9,58.6,33.2
2023,11,Washington,0.0,694.0,5.11,37.4,44.0,30.8
2023,11,West Virginia,0.0,659.0,2.23,42.5,54.9,30.1
2023,11,Wisconsin,0.0,854.0,0.53,34.5,43.9,25.1
2023,11,Wyoming,0.0,922.0,0.68,33.3,45.3,21.4
2023,12,Alabama,5.0,522.0,3.71,48.8,60.0,37.5
2023,12,Alaska,,,4.53,5.8,12.6,-0.9
2023,12,Arizona,0.0,387.0,0.92,45.4,58.6,32.2
2023,12,Arkansas,1.0,608.0,2.75,46.0,56.8,35.2
2023,12,California,0.0,404.0,3.29,48.1,57.8,38.4
2023,12,Colorado,0.0,1042.0,1.01,30.3,42.5,18.1
2023,12,Connecticut,0.0,801.0,8.67,38.5,46.2,30.8
2023,12,Delaware,0.0,689.0,7.91,43.5,52.4,34.6
2023,12,Florida,108.0,133.0,5.35,61.3,70.6,51.9
2023,12,Georgia,5.0,536.0,4.66,50.2,61.6,38.8
2023,12,Hawaii,,,3.95,65.0,71.8,58.1
2023,12,Idaho,0.0,1018.0,2.21,29.6,37.5,21.7
2023,12,Illinois,0.0,835.0,2.76,39.6,46.6,32.5
2023,12,Indiana,0.0,784.0,2.2,39.9,47.4,32.4
2023,12,Iowa,0.0,937.0,1.84,34.5,42.4,26.7
2023,12,Kansas,0.0,768.0,2.16,39.2,49.6,28.8
2023,12,Kentucky,0.0,698.0,2.6,42.6,52.3,32.7
2023,12,Louisiana,16.0,351.0,5.27,53.2,64.5,42.0
2023,12,Maine,0.0,1025.0,6.64,28.9,36.1,21.7
2023,12,Maryland,0.0,703.0,6.42,42.5,51.2,33.7
2023,12,Massachusetts,0.0,818.0,6.83,37.8,45.5,30.2
2023,12,Michigan,0.0,833.0,1.9,35.1,40.8,29.4
2023,12,Minnesota,0.0,1063.0,2.04,29.6,36.3,22.9
2023,12,Mississippi,10.0,464.0,3.58,50.0,61.8,38.2
2023,12,Missouri,0.0,730.0,2.62,41.9,50.6,33.2
2023,12,Montana,0.0,1058.0,0.63,31.3,41.2,21.3
2023,12,Nebraska,0.0,953.0,1.09,34.1,45.0,23.3
2023,12,Nevada,0.0,586.0,0.43,37.0,48.3,25.8
2023,12,New Hampshire,0.0,969.0,6.47,32.4,39.3,25.5
2023,12,New Jersey,0.0,741.0,8.34,41.5,49.5,33.5
2023,12,New Mexico,0.0,808.0,0.99,38.5,52.1,24.8
2023,12,New York,0.0,802.0,5.5,35.0,41.1,28.8
2023,12,North Carolina,2.0,589.0,6.75,46.0,57.6,34.4
2023,12,North Dakota,0.0,1191.0,0.69,26.7,36.2,17.2
2023,12,Ohio,0.0,767.0,2.46,40.2,47.7,32.8
2023,12,Oklahoma,0.0,616.0,3.17,44.9,56.3,33.5
2023,12,Oregon,0.0,682.0,5.23,37.3,43.8,30.8
2023,12,Pennsylvania,0.0,806.0,4.5,37.9,45.1,30.8
2023,12,Rhode Island,0.0,784.0,7.82,39.7,47.7,31.8
2023,12,South Carolina,6.0,503.0,5.65,49.3,60.8,37.7
2023,12,South Dakota,0.0,1037.0,1.18,31.2,41.9,20.6
2023,12,Tennessee,0.0,644.0,3.51,44.2,54.9,33.5
2023,12,Texas,19.0,346.0,1.75,51.8,64.3,39.4
2023,12,Utah,0.0,1020.0,0.58,32.6,43.3,22.0
2023,12,Vermont,0.0,1035.0,5.73,31.2,37.7,24.7
2023,12,Virginia,0.0,691.0,5.33,42.4,53.2,31.5
2023,12,Washington,0.0,728.0,7.34,36.2,40.8,31.5
2023,12,West Virginia,0.0,765.0,2.97,39.7,49.5,29.9
2023,12,Wisconsin,0.0,958.0,1.47,32.2,38.5,25.8
2023,12,Wyoming,0.0,1119.0,0.57,27.7,38.6,16.8
